rank,journal,abbreviation,publications,percentage,total_citations,cites_per_pub,citations_median,n_cited_known
1,"Journal of refractive surgery (Thorofare, N.J. : 1995)",J Refract Surg,233,10.82,1987,8.5,4,233
2,Journal of cataract and refractive surgery,J Cataract Refract Surg,157,7.29,1277,8.2,5.0,156
3,"Clinical ophthalmology (Auckland, N.Z.)",Clin Ophthalmol,109,5.06,705,6.5,3.5,108
4,BMC ophthalmology,BMC Ophthalmol,104,4.83,741,7.1,4.0,104
5,Indian journal of ophthalmology,Indian J Ophthalmol,92,4.27,529,5.8,3.0,92
6,International ophthalmology,Int Ophthalmol,87,4.04,454,5.2,3,87
7,Cornea,Cornea,77,3.58,461,6.0,4,77
8,International journal of ophthalmology,Int J Ophthalmol,61,2.83,319,5.2,2,61
9,Journal of clinical medicine,J Clin Med,59,2.74,389,6.6,4,59
10,Scientific reports,Sci Rep,48,2.23,242,5.0,3.5,48
11,Frontiers in medicine,Front Med (Lausanne),47,2.18,347,7.4,5,47
12,Ophthalmology and therapy,Ophthalmol Ther,46,2.14,530,11.5,5.0,46
13,Cureus,Cureus,38,1.76,123,3.2,1.0,38
14,Graefe's archive for clinical and experimental ophthalmology = Albrecht von Graefes Archiv fur klinische und experimentelle Ophthalmologie,Graefes Arch Clin Exp Ophthalmol,36,1.67,222,6.2,3.0,36
15,[Zhonghua yan ke za zhi] Chinese journal of ophthalmology,Zhonghua Yan Ke Za Zhi,33,1.53,28,0.8,0,33
16,European journal of ophthalmology,Eur J Ophthalmol,31,1.44,124,4.0,3,31
17,Translational vision science & technology,Transl Vis Sci Technol,27,1.25,333,12.3,6,27
18,Journal of ophthalmology,J Ophthalmol,27,1.25,189,7.0,5,27
19,Journal francais d'ophtalmologie,J Fr Ophtalmol,26,1.21,76,2.9,1.0,26
20,Eye & contact lens,Eye Contact Lens,26,1.21,127,4.9,3.5,26
