rank,mesh_term,frequency
1,myopia,767
2,"lasers, excimer",725
3,"keratomileusis, laser in situ",647
4,corneal stroma,440
5,corneal topography,378
6,photorefractive keratectomy,342
7,astigmatism,283
8,"corneal surgery, laser",281
9,keratoconus,128
10,refractive surgical procedures,122
11,postoperative complications,111
12,"lens implantation, intraocular",102
13,"lenses, intraocular",99
14,"tomography, optical coherence",98
15,corneal wavefront aberration,88
16,cross-linking reagents,84
17,hyperopia,81
18,"epithelium, corneal",80
19,photosensitizing agents,76
20,phacoemulsification,72
21,lasers,69
22,riboflavin,67
23,corneal diseases,64
24,collagen,59
25,"dilatation, pathologic",59
26,biomechanical phenomena,58
27,surgical wound,56
28,biometry,53
29,photochemotherapy,53
30,ultraviolet rays,52
31,refractive errors,52
32,surgical flaps,51
33,postoperative period,50
34,dry eye syndromes,48
35,optics and photonics,47
36,intraocular pressure,47
37,tears,40
38,cross-sectional studies,40
39,cataract,38
40,presbyopia,38
41,reproducibility of results,37
42,keratitis,33
43,corneal transplantation,33
44,surveys and questionnaires,32
45,patient satisfaction,28
46,rabbits,28
47,cataract extraction,27
48,postoperative pain,27
49,corneal pachymetry,26
50,corneal opacity,26
51,microsurgery,26
52,"tonometry, ocular",25
53,contrast sensitivity,25
54,"keratoplasty, penetrating",25
55,quality of life,24
56,"microscopy, confocal",24
57,case-control studies,24
58,corneal cross-linking,23
59,"surgery, computer-assisted",23
60,"corneal dystrophies, hereditary",23
61,wound healing,22
62,phakic intraocular lenses,22
63,coma,22
64,time factors,21
65,ophthalmology,21
66,aberrometry,20
67,incidence,20
68,contact lenses,20
