rank,country,publications,percentage,pct_of_resolved,total_citations,cites_per_pub,citations_median,n_cited_known,population_2024,pubs_per_million,cites_per_million
1,United States,2020,19.27,22.18,76612,38.0,20,2015,340003797,5.94,225.3
2,China,1307,12.47,14.35,16181,12.4,5,1305,1408975000,0.93,11.5
3,Spain,586,5.59,6.43,17417,29.8,15.0,584,48848840,12.0,356.5
4,Germany,546,5.21,6.0,13062,24.0,11,545,83516593,6.54,156.4
5,India,355,3.39,3.9,6198,17.5,7.0,354,1450935791,0.24,4.3
6,Italy,352,3.36,3.87,9042,25.8,17,351,58952704,5.97,153.4
7,South Korea,289,2.76,3.17,7170,24.8,14,289,51751065,5.58,138.5
8,United Kingdom,284,2.71,3.12,10843,38.2,21.0,284,69281000,4.1,156.5
9,Iran,279,2.66,3.06,3987,14.3,8.0,278,91567738,3.05,43.5
10,Japan,268,2.56,2.94,7795,29.2,15,267,123975371,2.16,62.9
11,Turkey,210,2.0,2.31,3355,16.2,10,207,85518661,2.46,39.2
12,Brazil,208,1.98,2.28,5909,28.4,9.0,208,211998573,0.98,27.9
13,France,171,1.63,1.88,4256,24.9,6,171,68551653,2.49,62.1
14,Greece,166,1.58,1.82,6861,41.3,22.0,166,10405134,15.95,659.4
15,Israel,144,1.37,1.58,2839,19.7,11.0,144,10002200,14.4,283.8
=16,Canada,143,1.36,1.57,3884,27.2,18,143,41262329,3.47,94.1
=16,Egypt,143,1.36,1.57,2232,15.6,11,143,116538258,1.23,19.2
18,Australia,142,1.35,1.56,4169,29.6,14,141,27194286,5.22,153.3
19,Taiwan,129,1.23,1.42,1693,13.1,8,129,23400220,5.51,72.3
20,Singapore,118,1.13,1.3,3922,33.5,22,117,6036860,19.55,649.7
