publication_type,n
Journal Article,9588
"Research Support, Non-U.S. Gov't",1859
Comparative Study,1693
Case Reports,1563
Review,835
Letter,734
Comment,653
English Abstract,540
Randomized Controlled Trial,499
Clinical Trial,318
"Research Support, N.I.H., Extramural",288
Multicenter Study,156
Evaluation Study,151
Observational Study,150
Editorial,138
"Research Support, U.S. Gov't, P.H.S.",123
Systematic Review,85
Meta-Analysis,84
Controlled Clinical Trial,62
"Research Support, U.S. Gov't, Non-P.H.S.",57
Validation Study,35
Historical Article,20
Video-Audio Media,18
Clinical Study,16
Network Meta-Analysis,9
Introductory Journal Article,9
News,8
Retracted Publication,8
Clinical Conference,7
Consensus Statement,7
Retraction Notice,6
"Clinical Trial, Phase II",4
Biography,4
Duplicate Publication,4
Patient Education Handout,4
Interview,3
Lecture,3
Portrait,3
Practice Guideline,3
"Clinical Trial, Phase III",3
Clinical Trial Protocol,3
"Clinical Trial, Phase I",3
Newspaper Article,2
Guideline,1
Conference Proceedings,1
Technical Report,1
"Research Support, N.I.H., Intramural",1
Twin Study,1
"Randomized Controlled Trial, Veterinary",1
