rank,keyword,frequency
1,LASIK,835
2,lenticule extraction (SMILE/KLEx),538
3,photorefractive keratectomy (PRK),427
4,myopia,398
5,astigmatism,184
6,higher-order aberrations,168
7,keratoconus,164
8,femtosecond laser,149
9,corneal cross-linking (CXL),124
10,dry eye,112
11,corneal ectasia,112
12,corneal biomechanics,102
13,transepithelial PRK,98
14,excimer laser,77
15,corneal topography,74
16,hyperopia,71
17,LASEK / epi-LASIK,62
18,corneal tomography,57
19,refractive error,55
20,optical coherence tomography (OCT),53
21,corneal haze,49
22,presbyopia,48
23,topography-guided ablation,46
24,cataract,44
25,mitomycin C,43
26,cataract surgery,43
27,visual quality,41
28,intraocular pressure,40
29,IOL power calculation,36
30,laser,35
31,glaucoma,31
32,phototherapeutic keratectomy,30
33,wound healing,30
34,phakic IOL / ICL,29
35,contrast sensitivity,28
36,epithelial ingrowth,28
37,wavefront-guided ablation,27
38,ophthalmology,26
39,complication,25
40,laser presbyopia correction,25
41,meta-analysis,25
42,diffuse lamellar keratitis,24
43,treatment laser,24
44,lenticule,24
45,keratometry,24
46,intraocular lens,23
47,vector analysis,23
48,pain,22
49,visual outcome,22
50,safety,22
51,regression,22
52,bandage contact lens,21
53,central corneal thickness,21
54,contact lens,21
55,corneal thickness,21
56,surface ablation,20
57,VisuMax,20
