year,publications,cumulative,moving_avg_3yr,total_citations
1988,24,24,33.0,1650
1989,42,66,38.7,1839
1990,50,116,49.3,3299
1991,56,172,63.7,3401
1992,85,257,92.0,3212
1993,135,392,125.3,4327
1994,156,548,162.7,5537
1995,197,745,208.3,4283
1996,272,1017,257.3,6720
1997,303,1320,293.0,8656
1998,304,1624,317.0,12319
1999,344,1968,361.0,11522
2000,435,2403,403.7,15671
2001,432,2835,426.0,19205
2002,411,3246,436.3,14233
2003,466,3712,456.3,16467
2004,492,4204,483.3,15030
2005,492,4696,489.0,15515
2006,483,5179,462.0,16161
2007,411,5590,432.3,13814
2008,403,5993,397.0,13533
2009,377,6370,389.3,11471
2010,388,6758,367.0,12225
2011,336,7094,381.0,9520
2012,419,7513,385.7,10727
2013,402,7915,399.3,10953
2014,377,8292,390.7,10715
2015,393,8685,384.0,9300
2016,382,9067,399.0,8944
2017,422,9489,399.0,9457
2018,393,9882,393.3,8424
2019,365,10247,415.0,7114
2020,487,10734,425.0,7071
2021,423,11157,450.3,4436
2022,441,11598,427.0,3914
2023,417,12015,419.0,3042
2024,399,12414,429.7,1858
2025,473,12887,436.0,770
