author,publications,n_with_citation_count,citations_total,mean,median,q1,q3,mean_normalised_citation_score,median_normalised_citation_score
Zhou X (Fudan),94,94,757,8.1,4.0,2.0,12.8,1.11,0.84
Moshirfar M,81,81,716,8.8,5,2,10,1.29,0.86
Hoopes PCS,61,61,613,10.0,6,3,11,1.47,0.96
Wang Y (Tianjin),48,48,383,8.0,4.0,2.0,9.0,1.21,0.69
Arba-Mosquera S,35,35,224,6.4,2,2.0,7.5,1.0,0.86
Zhang Y (Peking),33,33,202,6.1,5,2,9,1.26,1.1
Chen Y (Peking),32,32,214,6.7,5.5,1.0,9.2,1.11,1.01
Zhao J (Fudan),31,31,204,6.6,3,1.0,10.5,0.94,0.61
Ronquillo YC,30,30,383,12.8,6.5,4.0,11.8,1.31,0.72
Mimouni M,28,28,109,3.9,3.0,1.0,5.0,0.65,0.63
Mehta JS (Singapore),22,22,368,16.7,11.5,2.2,27.2,2.43,1.8
Han T (Fudan),22,22,166,7.5,4.5,3.0,11.0,0.94,0.59
Kaiserman I,21,21,94,4.5,3,2,5,0.67,0.61
Yuan Y,20,20,114,5.7,4.0,1.0,8.2,0.95,0.77
Liu S (Fudan),20,20,151,7.5,6.0,1.8,10.8,0.91,0.75
Reinstein DZ,20,20,394,19.7,16.5,5.0,29.2,2.4,2.26
Archer TJ,20,20,394,19.7,16.5,5.0,29.2,2.4,2.26
