country,first_author,rank_first,whole,rank_whole,fractional,rank_fractional
China,575,1,627,1,612.19,1
United States,271,2,352,2,292.3,2
India,123,3,142,3,129.38,3
Spain,88,4,113,5,90.59,5
Iran,87,5,92,6,83.48,6
Germany,86,6,126,4,96.75,4
Italy,63,7,81,7,63.69,7
Turkey,53,8,58,8,54.83,8
South Korea,45,9,47,11,45.96,9
Taiwan,40,10,42,=14,40.24,10
Egypt,39,=11,42,=14,37.49,13
Saudi Arabia,39,=11,40,16,39.37,11
Israel,37,13,44,12,38.75,12
Australia,31,=14,43,13,29.66,15
Brazil,31,=14,48,10,29.8,14
United Kingdom,28,16,54,9,29.03,16
France,26,17,32,19,27.04,17
Russia,22,=18,25,21,22.1,19
Switzerland,22,=18,35,=17,20.34,20
Poland,21,20,23,22,19.33,=21
Canada,20,21,35,=17,22.9,18
Singapore,19,22,29,20,18.49,23
Japan,18,23,21,=23,19.33,=21
Mexico,17,24,18,25,16.57,24
Greece,16,25,21,=23,14.74,25
Portugal,14,26,17,26,13.45,26
Colombia,11,27,12,=29,11.1,27
Hong Kong,9,28,15,27,8.72,29
Croatia,8,=29,10,=32,7.77,31
Romania,8,=29,9,=34,7.94,30
