pattern,is_regex,canonical,parent,cluster,country,tier,note
carl gustav carus,0,TU Dresden / University Hospital Carl Gustav Carus,TU Dresden,,Germany,1,Dresden variants merged
universitätsklinikum dresden,0,TU Dresden / University Hospital Carl Gustav Carus,TU Dresden,,Germany,1,
university hospital dresden,0,TU Dresden / University Hospital Carl Gustav Carus,TU Dresden,,Germany,1,
universitatsklinikum dresden,0,TU Dresden / University Hospital Carl Gustav Carus,TU Dresden,,Germany,1,
tu dresden,0,TU Dresden / University Hospital Carl Gustav Carus,TU Dresden,,Germany,2,
technische universität dresden,0,TU Dresden / University Hospital Carl Gustav Carus,TU Dresden,,Germany,2,
technische universitat dresden,0,TU Dresden / University Hospital Carl Gustav Carus,TU Dresden,,Germany,2,
technical university of dresden,0,TU Dresden / University Hospital Carl Gustav Carus,TU Dresden,,Germany,2,
dresden university of technology,0,TU Dresden / University Hospital Carl Gustav Carus,TU Dresden,,Germany,2,
university of dresden,0,TU Dresden / University Hospital Carl Gustav Carus,TU Dresden,,Germany,2,
\bdresden\b,1,TU Dresden / University Hospital Carl Gustav Carus,TU Dresden,,Germany,3,"regex, lowest priority: any Dresden ophthalmology affiliation"
university of siena,0,University of Siena,University of Siena,,Italy,2,
università di siena,0,University of Siena,University of Siena,,Italy,2,
universita di siena,0,University of Siena,University of Siena,,Italy,2,
siena university,0,University of Siena,University of Siena,,Italy,2,
siena cross,0,Siena Crosslinking Center,University of Siena,,Italy,1,Mazzotta's centre; parent Siena
policlinico le scotte,0,University of Siena,University of Siena,,Italy,1,
\bsiena\b,1,University of Siena,University of Siena,,Italy,3,regex fallback
elza institute,0,ELZA Institute,ELZA Institute,zurich_cluster,Switzerland,1,
elza,0,ELZA Institute,ELZA Institute,zurich_cluster,Switzerland,1,
iroc,0,IROC Zurich,IROC Zurich,zurich_cluster,Switzerland,1,
institute for refractive and ophthalmic surgery,0,IROC Zurich,IROC Zurich,zurich_cluster,Switzerland,1,
university of zurich,0,University of Zurich,University of Zurich,zurich_cluster,Switzerland,2,
universität zürich,0,University of Zurich,University of Zurich,zurich_cluster,Switzerland,2,
universitat zurich,0,University of Zurich,University of Zurich,zurich_cluster,Switzerland,2,
univ zurich,0,University of Zurich,University of Zurich,zurich_cluster,Switzerland,2,
univ. of zurich,0,University of Zurich,University of Zurich,zurich_cluster,Switzerland,2,
cabmm,0,University of Zurich,University of Zurich,zurich_cluster,Switzerland,2,Center for Applied Biotechnology and Molecular Medicine
center for applied biotechnology and molecular medicine,0,University of Zurich,University of Zurich,zurich_cluster,Switzerland,2,
universitätsspital zürich,0,University Hospital Zurich,University of Zurich,,Switzerland,1,cluster membership: Mark to decide
university hospital zurich,0,University Hospital Zurich,University of Zurich,,Switzerland,1,
universityhospital zurich,0,University Hospital Zurich,University of Zurich,,Switzerland,1,
eth zurich,0,ETH Zurich,ETH Zurich,,Switzerland,2,
swiss federal institute of technology,0,ETH Zurich,ETH Zurich,,Switzerland,2,
university of geneva,0,University of Geneva,University of Geneva,,Switzerland,2,
université de genève,0,University of Geneva,University of Geneva,,Switzerland,2,
geneva university hospitals,0,Geneva University Hospitals,University of Geneva,,Switzerland,1,
hôpitaux universitaires de genève,0,Geneva University Hospitals,University of Geneva,,Switzerland,1,
hopitaux universitaires de geneve,0,Geneva University Hospitals,University of Geneva,,Switzerland,1,
\bhug\b,1,Geneva University Hospitals,University of Geneva,,Switzerland,1,regex
inselspital,0,Inselspital Bern,University of Bern,,Switzerland,1,
university of bern,0,University of Bern,University of Bern,,Switzerland,2,
massachusetts eye,0,Massachusetts Eye and Ear,Harvard Medical School,,United States,1,
mass eye and ear,0,Massachusetts Eye and Ear,Harvard Medical School,,United States,1,
mass. eye and ear,0,Massachusetts Eye and Ear,Harvard Medical School,,United States,1,
harvard,0,Harvard Medical School,Harvard Medical School,,United States,2,
university of crete,0,University of Crete,University of Crete,,Greece,2,
heraklion,0,University of Crete,University of Crete,,Greece,3,city fallback (tier 3); named Heraklion clinics have their own tier-1 rows
laservision,0,Laservision Institute Athens,Laservision Institute Athens,,Greece,1,
university of athens,0,National and Kapodistrian University of Athens,National and Kapodistrian University of Athens,,Greece,2,
kapodistrian,0,National and Kapodistrian University of Athens,National and Kapodistrian University of Athens,,Greece,2,
farabi eye,0,Farabi Eye Hospital,Tehran University of Medical Sciences,,Iran,1,
wenzhou medical,0,Wenzhou Medical University,Wenzhou Medical University,,China,2,
eye hospital of wenzhou,0,Wenzhou Medical University,Wenzhou Medical University,,China,1,
cole eye,0,"Cole Eye Institute, Cleveland Clinic",Cleveland Clinic,,United States,1,
cleveland clinic,0,Cleveland Clinic,Cleveland Clinic,,United States,1,
narayana nethralaya,0,Narayana Nethralaya Bangalore,Narayana Nethralaya Bangalore,,India,1,
moorfields,0,Moorfields Eye Hospital,Moorfields Eye Hospital,,United Kingdom,1,
cardiff university,0,Cardiff University,Cardiff University,,United Kingdom,2,
university of cardiff,0,Cardiff University,Cardiff University,,United Kingdom,2,
charité,0,Charité – Universitätsmedizin Berlin,Charité – Universitätsmedizin Berlin,,,2,
ludwig-maximilians-universität,0,Ludwig Maximilian University Munich,Ludwig Maximilian University Munich,,,2,
lmu munich,0,Ludwig Maximilian University Munich,Ludwig Maximilian University Munich,,,2,
university of erlangen,0,University of Erlangen-Nuremberg,University of Erlangen-Nuremberg,,,2,
university of marburg,0,University of Marburg,University of Marburg,,,2,
athens eye,0,Athens Eye Hospital,Athens Eye Hospital,,,1,
humanitas,0,Humanitas University Milan,Humanitas University Milan,,,2,
milan eye,0,Milan Eye Center,Milan Eye Center,,,1,
\buniversity of rome\b(?!.*tor vergata),1,Sapienza University of Rome,Sapienza University of Rome,,,2,Sapienza; Tor Vergata is a separate university
sapienza,0,Sapienza University of Rome,Sapienza University of Rome,,,2,
university of milan,0,University of Milan,University of Milan,,,2,
bascom palmer,0,Bascom Palmer Eye Institute,Bascom Palmer Eye Institute,,,1,
wills eye,0,Wills Eye Hospital,Wills Eye Hospital,,,1,
mayo clinic,0,Mayo Clinic,Mayo Clinic,,,1,
johns hopkins,0,Johns Hopkins University,Johns Hopkins University,,,2,
university of southern california,0,University of Southern California,University of Southern California,,,2,
usc roski,0,University of Southern California,University of Southern California,,,2,
emory,0,Emory University,Emory University,,,2,
rutgers,0,Rutgers University,Rutgers University,,,2,
university of miami,0,University of Miami,University of Miami,,,2,
university of illinois,0,University of Illinois Chicago,University of Illinois Chicago,,,2,
university of arizona,0,University of Arizona,University of Arizona,,,2,
stanford,0,Stanford University,Stanford University,,,2,
ucsf,0,University of California San Francisco,University of California San Francisco,,,2,
columbia university,0,Columbia University,Columbia University,,,2,
new york eye,0,New York Eye and Ear Infirmary,New York Eye and Ear Infirmary,,,1,
university of nottingham,0,University of Nottingham,University of Nottingham,,,2,
university of liverpool,0,University of Liverpool,University of Liverpool,,,2,
university of edinburgh,0,University of Edinburgh,University of Edinburgh,,,2,
university of bristol,0,University of Bristol,University of Bristol,,,2,
university of manchester,0,University of Manchester,University of Manchester,,,2,
king's college,0,King's College London,King's College London,,,2,
\bucl\b(?!a),1,University College London,University College London,,,2,"word-bounded: bare ""ucl"" also matched nUCLeus and UCLA"
noor eye,0,Noor Eye Hospital Tehran,Noor Eye Hospital Tehran,,,1,
tehran university of medical,0,Tehran University of Medical Sciences,Tehran University of Medical Sciences,,,2,
shahid beheshti,0,Shahid Beheshti University of Medical Sciences,Shahid Beheshti University of Medical Sciences,,,2,
mashhad university,0,Mashhad University of Medical Sciences,Mashhad University of Medical Sciences,,,2,
isfahan university,0,Isfahan University of Medical Sciences,Isfahan University of Medical Sciences,,,2,
lv prasad,0,LV Prasad Eye Institute,LV Prasad Eye Institute,,,1,
l v prasad,0,LV Prasad Eye Institute,LV Prasad Eye Institute,,,1,
aravind,0,Aravind Eye Care System,Aravind Eye Care System,,,1,
sankara nethralaya,0,Sankara Nethralaya Chennai,Sankara Nethralaya Chennai,,,1,
aiims,0,All India Institute of Medical Sciences,All India Institute of Medical Sciences,,,2,
all india institute,0,All India Institute of Medical Sciences,All India Institute of Medical Sciences,,,2,
singapore national eye,0,Singapore National Eye Centre,Singapore National Eye Centre,,,1,
snec,0,Singapore National Eye Centre,Singapore National Eye Centre,,,1,
nanyang technological,0,Nanyang Technological University,Nanyang Technological University,,,2,
peking university,0,Peking University,Peking University,,,2,
tianjin eye,0,Tianjin Eye Hospital,Tianjin Eye Hospital,,,1,
chinese university of hong kong,0,Chinese University of Hong Kong,Chinese University of Hong Kong,,,2,
cuhk,0,Chinese University of Hong Kong,Chinese University of Hong Kong,,,2,
university of hong kong,0,University of Hong Kong,University of Hong Kong,,,2,
royal victorian eye,0,Royal Victorian Eye and Ear Hospital,Royal Victorian Eye and Ear Hospital,,,1,
centre for eye research australia,0,Centre for Eye Research Australia,Centre for Eye Research Australia,,,1,
cera,0,Centre for Eye Research Australia,Centre for Eye Research Australia,,,2,
university of melbourne,0,University of Melbourne,University of Melbourne,,,2,
universidad de alicante,0,University of Alicante,University of Alicante,,,2,
university of alicante,0,University of Alicante,University of Alicante,,,2,
university of ghent,0,Ghent University,Ghent University,,,2,
ghent university,0,Ghent University,Ghent University,,,2,
katholieke universiteit leuven,0,KU Leuven,KU Leuven,,,2,
ku leuven,0,KU Leuven,KU Leuven,,,2,
maastricht university,0,Maastricht University,Maastricht University,,,2,
erasmus,0,Erasmus University Rotterdam,Erasmus University Rotterdam,,,2,
tel aviv university,0,Tel Aviv University,Tel Aviv University,,,2,
hadassah,0,Hadassah Medical Center,Hadassah Medical Center,,,2,
unifesp,0,Federal University of São Paulo,Federal University of São Paulo,,,2,
federal university of são paulo,0,Federal University of São Paulo,Federal University of São Paulo,,,2,
universidade de são paulo,0,University of São Paulo,University of São Paulo,,,2,
irwin army,0,Irwin Army Community Hospital,Irwin Army Community Hospital,,,2,
tor vergata,0,University of Rome Tor Vergata,University of Rome Tor Vergata,,Italy,2,
emmetropia,0,Emmetropia Mediterranean Eye Institute,Emmetropia Mediterranean Eye Institute,,Greece,1,"private clinic, Heraklion; not University of Crete"
vardinoyiannion,0,University of Crete,University of Crete,,Greece,1,VEIC is the University of Crete eye institute
"university of california, los angeles",0,University of California Los Angeles,University of California Los Angeles,,United States,2,
university of california los angeles,0,University of California Los Angeles,University of California Los Angeles,,United States,2,
\bucla\b,1,University of California Los Angeles,University of California Los Angeles,,United States,2,
jules stein,0,University of California Los Angeles,University of California Los Angeles,,United States,1,
"university of california, san diego",0,University of California San Diego,University of California San Diego,,United States,2,
university of california san diego,0,University of California San Diego,University of California San Diego,,United States,2,
shiley eye,0,University of California San Diego,University of California San Diego,,United States,1,
"university of california, irvine",0,University of California Irvine,University of California Irvine,,United States,2,
university of california irvine,0,University of California Irvine,University of California Irvine,,United States,2,
gavin herbert eye,0,University of California Irvine,University of California Irvine,,United States,1,
"university of california, san francisco",0,University of California San Francisco,University of California San Francisco,,United States,2,
university of california san francisco,0,University of California San Francisco,University of California San Francisco,,United States,2,
"university of california, davis",0,University of California Davis,University of California Davis,,United States,2,
university of california davis,0,University of California Davis,University of California Davis,,United States,2,
"university of california, berkeley",0,University of California Berkeley,University of California Berkeley,,United States,2,
university of california berkeley,0,University of California Berkeley,University of California Berkeley,,United States,2,
eye & ent hospital of fudan,0,Eye & ENT Hospital of Fudan University,Fudan University,,China,1,"Fudan EENT group labels (research centre, NHC and CAMS myopia laboratories) resolve to one institution"
eye and ent hospital of fudan,0,Eye & ENT Hospital of Fudan University,Fudan University,,China,1,"Fudan EENT group labels (research centre, NHC and CAMS myopia laboratories) resolve to one institution"
"eye, ear, nose, and throat hospital of fudan",0,Eye & ENT Hospital of Fudan University,Fudan University,,China,1,"Fudan EENT group labels (research centre, NHC and CAMS myopia laboratories) resolve to one institution"
"eye and ent hospital, fudan",0,Eye & ENT Hospital of Fudan University,Fudan University,,China,1,"Fudan EENT group labels (research centre, NHC and CAMS myopia laboratories) resolve to one institution"
"eye & ent hospital, fudan",0,Eye & ENT Hospital of Fudan University,Fudan University,,China,1,"Fudan EENT group labels (research centre, NHC and CAMS myopia laboratories) resolve to one institution"
"eye (?:&|and) ent hospital.{0,40}fudan",1,Eye & ENT Hospital of Fudan University,Fudan University,,China,1,"Fudan EENT group labels (research centre, NHC and CAMS myopia laboratories) resolve to one institution"
shanghai research center of ophthalmology and optometry,0,Eye & ENT Hospital of Fudan University,Fudan University,,China,1,"Fudan EENT group labels (research centre, NHC and CAMS myopia laboratories) resolve to one institution"
nhc key laboratory of myopia,0,Eye & ENT Hospital of Fudan University,Fudan University,,China,1,"Fudan EENT group labels (research centre, NHC and CAMS myopia laboratories) resolve to one institution"
key laboratory of myopia,0,Eye & ENT Hospital of Fudan University,Fudan University,,China,1,"Fudan EENT group labels (research centre, NHC and CAMS myopia laboratories) resolve to one institution"
shanghai engineering research center of laser and autostereoscopic,0,Eye & ENT Hospital of Fudan University,Fudan University,,China,1,"Fudan EENT group labels (research centre, NHC and CAMS myopia laboratories) resolve to one institution"
fudan university,0,Fudan University,Fudan University,,China,2,
saarland university,0,Saarland University Medical Center,Saarland University,,Germany,2,Homburg; department and university merged at canonical level
universitätsklinikum des saarlandes,0,Saarland University Medical Center,Saarland University,,Germany,1,
homburg/saar,0,Saarland University Medical Center,Saarland University,,Germany,3,
antwerp university hospital,0,Antwerp University Hospital,University of Antwerp,,Belgium,1,
university of antwerp,0,University of Antwerp,University of Antwerp,,Belgium,2,
translational ophthalmology research center,0,Farabi Eye Hospital,Tehran University of Medical Sciences,,Iran,1,
iran university of medical sciences,0,Iran University of Medical Sciences,Iran University of Medical Sciences,,Iran,2,
rassoul akram,0,Iran University of Medical Sciences,Iran University of Medical Sciences,,Iran,1,
labbafinejad,0,Shahid Beheshti University of Medical Sciences,Shahid Beheshti University of Medical Sciences,,Iran,1,
hadassah academic college,0,Hadassah Academic College,Hadassah Academic College,,Israel,1,optometry college; not Hadassah Medical Center
king khaled eye,0,King Khaled Eye Specialist Hospital,King Khaled Eye Specialist Hospital,,Saudi Arabia,1,
king saud university,0,King Saud University,King Saud University,,Saudi Arabia,2,
new zealand national eye centre,0,University of Auckland,University of Auckland,,New Zealand,1,
university of auckland,0,University of Auckland,University of Auckland,,New Zealand,2,
miguel hernández,0,Universidad Miguel Hernández,Universidad Miguel Hernández,,Spain,2,
miguel hernandez,0,Universidad Miguel Hernández,Universidad Miguel Hernández,,Spain,2,
vissum,0,Vissum Alicante,Vissum Alicante,,Spain,1,
singapore eye research institute,0,Singapore Eye Research Institute,Singapore National Eye Centre,,Singapore,1,
rio de janeiro corneal tomography,0,Rio de Janeiro Corneal Tomography and Biomechanics Study Group,Rio de Janeiro Corneal Tomography and Biomechanics Study Group,,Brazil,1,
brazilian study group of artificial intelligence and corneal analysis,0,Rio de Janeiro Corneal Tomography and Biomechanics Study Group,Rio de Janeiro Corneal Tomography and Biomechanics Study Group,,Brazil,1,
instituto de olhos renato ambrósio,0,Instituto de Olhos Renato Ambrósio,Instituto de Olhos Renato Ambrósio,,Brazil,1,
federal university of the state of rio de janeiro,0,Federal University of the State of Rio de Janeiro,Federal University of the State of Rio de Janeiro,,Brazil,2,
unirio,0,Federal University of the State of Rio de Janeiro,Federal University of the State of Rio de Janeiro,,Brazil,2,
aarhus university hospital,0,Aarhus University Hospital,Aarhus University,,Denmark,1,
university of toronto,0,University of Toronto,University of Toronto,,Canada,2,
the ohio state university,0,The Ohio State University,The Ohio State University,,United States,2,
ohio state university,0,The Ohio State University,The Ohio State University,,United States,2,
university of pittsburgh,0,University of Pittsburgh,University of Pittsburgh,,United States,2,
osaka university,0,Osaka University,Osaka University,,Japan,2,
shiraz university of medical sciences,0,Shiraz University of Medical Sciences,Shiraz University of Medical Sciences,,Iran,2,
poostchi,0,Shiraz University of Medical Sciences,Shiraz University of Medical Sciences,,Iran,1,
university of new south wales,0,University of New South Wales,University of New South Wales,,Australia,2,
unsw,0,University of New South Wales,University of New South Wales,,Australia,2,
tianjin medical university,0,Tianjin Medical University,Tianjin Medical University,,China,2,
nankai university,0,Nankai University,Nankai University,,China,2,
people's hospital of zhengzhou,0,Henan Eye Hospital,Henan Eye Hospital,,China,1,Henan Provincial People's Hospital / Henan Eye Institute
henan eye,0,Henan Eye Hospital,Henan Eye Hospital,,China,1,
henan provincial people's hospital,0,Henan Eye Hospital,Henan Eye Hospital,,China,1,
