journal,rs_records,journal_total_2021_2025,rs_share_pct,journal_total_excl_letters_comments_editorials,rs_share_pct_excl,pubmed_query
J Refract Surg,233,682,34.16,597,39.03,"""9505927""[nlmid] AND (""2021/01/01""[PDAT] : ""2025/12/31""[PDAT])"
J Cataract Refract Surg,157,1464,10.72,1083,14.5,"""8604171""[nlmid] AND (""2021/01/01""[PDAT] : ""2025/12/31""[PDAT])"
Clin Ophthalmol,109,2249,4.85,2139,5.1,"""101321512""[nlmid] AND (""2021/01/01""[PDAT] : ""2025/12/31""[PDAT])"
BMC Ophthalmol,104,2794,3.72,2780,3.74,"""100967802""[nlmid] AND (""2021/01/01""[PDAT] : ""2025/12/31""[PDAT])"
Indian J Ophthalmol,92,4232,2.17,3111,2.96,"""0405376""[nlmid] AND (""2021/01/01""[PDAT] : ""2025/12/31""[PDAT])"
Int Ophthalmol,87,2352,3.7,2312,3.76,"""7904294""[nlmid] AND (""2021/01/01""[PDAT] : ""2025/12/31""[PDAT])"
Cornea,77,1624,4.74,1477,5.21,"""8216186""[nlmid] AND (""2021/01/01""[PDAT] : ""2025/12/31""[PDAT])"
Int J Ophthalmol,61,1550,3.94,1517,4.02,"""101553860""[nlmid] AND (""2021/01/01""[PDAT] : ""2025/12/31""[PDAT])"
J Clin Med,59,38314,0.15,37574,0.16,"""101606588""[nlmid] AND (""2021/01/01""[PDAT] : ""2025/12/31""[PDAT])"
Sci Rep,48,151169,0.03,151034,0.03,"""101563288""[nlmid] AND (""2021/01/01""[PDAT] : ""2025/12/31""[PDAT])"
Front Med (Lausanne),47,18090,0.26,17338,0.27,"""101648047""[nlmid] AND (""2021/01/01""[PDAT] : ""2025/12/31""[PDAT])"
Ophthalmol Ther,46,967,4.76,946,4.86,"""101634502""[nlmid] AND (""2021/01/01""[PDAT] : ""2025/12/31""[PDAT])"
Cureus,38,88704,0.04,88098,0.04,"""101596737""[nlmid] AND (""2021/01/01""[PDAT] : ""2025/12/31""[PDAT])"
Graefes Arch Clin Exp Ophthalmol,36,2184,1.65,2013,1.79,"""8205248""[nlmid] AND (""2021/01/01""[PDAT] : ""2025/12/31""[PDAT])"
Zhonghua Yan Ke Za Zhi,33,750,4.4,747,4.42,"""16210540R""[nlmid] AND (""2021/01/01""[PDAT] : ""2025/12/31""[PDAT])"
Eur J Ophthalmol,31,2621,1.18,2505,1.24,"""9110772""[nlmid] AND (""2021/01/01""[PDAT] : ""2025/12/31""[PDAT])"
Transl Vis Sci Technol,27,1880,1.44,1859,1.45,"""101595919""[nlmid] AND (""2021/01/01""[PDAT] : ""2025/12/31""[PDAT])"
J Ophthalmol,27,716,3.77,709,3.81,"""101524199""[nlmid] AND (""2021/01/01""[PDAT] : ""2025/12/31""[PDAT])"
J Fr Ophtalmol,26,1806,1.44,1161,2.24,"""7804128""[nlmid] AND (""2021/01/01""[PDAT] : ""2025/12/31""[PDAT])"
Eye Contact Lens,26,550,4.73,541,4.81,"""101160941""[nlmid] AND (""2021/01/01""[PDAT] : ""2025/12/31""[PDAT])"
