literature,records_2021_2025,randomized_controlled_trials,rct_pct,pubmed_query
"Corneal laser refractive surgery (this corpus, after filter)",2153,82,3.81,corpus
Corneal laser refractive surgery (this corpus query),2496,94,3.77,"((""laser in situ keratomileusis""[tiab] OR ""LASIK""[tiab] OR ""femto-LASIK""[tiab] OR ""FS-LASIK""[tiab] OR ""keratomileusis""[tiab] OR ""photorefractive keratectomy""[tiab] OR ""photorefractive keratectomies""[tiab] OR ""LASEK""[tiab] OR ""laser epithelial keratomileusis""[tiab] OR ""laser subepithelial keratomileusis""[tiab] OR ""epi-LASIK""[tiab] OR ""small incision lenticule extraction""[tiab] OR ""small-incision lenticule extraction""[tiab] OR ""lenticule extraction""[tiab] OR ""ReLEx""[tiab] OR ""femtosecond lenticule extraction""[tiab] OR ""KLEx""[tiab] OR ""SmartSight""[tiab] OR ""transepithelial photorefractive keratectomy""[tiab] OR ""TransPRK""[tiab] OR ""trans-PRK""[tiab] OR ""laser vision correction""[tiab] OR ""laser refractive surgery""[tiab] OR ""corneal refractive surgery""[tiab] OR ""keratorefractive surgery""[tiab] OR ""laser refractive correction""[tiab] OR ""PRESBYOND""[tiab] OR ""presbyLASIK""[tiab] OR ""Keratomileusis, Laser In Situ""[MeSH Terms] OR ""Photorefractive Keratectomy""[MeSH Terms] OR ""Keratectomy, Subepithelial, Laser-Assisted""[MeSH Terms]) OR ((""PRK""[tiab] OR ""excimer laser""[tiab] OR ""excimer lasers""[tiab] OR ""surface ablation""[tiab] OR ""wavefront-guided""[tiab] OR ""wavefront guided""[tiab] OR ""wavefront-optimized""[tiab] OR ""topography-guided""[tiab] OR ""topography guided""[tiab] OR ""Lasers, Excimer""[MeSH Terms]) AND (""cornea""[tiab] OR ""corneal""[tiab] OR ""myopia""[tiab] OR ""myopic""[tiab] OR ""hyperopia""[tiab] OR ""hyperopic""[tiab] OR ""astigmatism""[tiab] OR ""astigmatic""[tiab] OR ""presbyopia""[tiab] OR ""ametropia""[tiab] OR ""refractive error""[tiab] OR ""refractive errors""[tiab] OR ""refractive surgery""[tiab] OR ""refractive outcome""[tiab] OR ""refractive outcomes""[tiab] OR ""visual acuity""[tiab] OR ""Cornea""[MeSH Terms] OR ""Refractive Errors""[MeSH Terms] OR ""Refractive Surgical Procedures""[MeSH Terms]))) AND (""2021/01/01""[PDAT] : ""2025/12/31""[PDAT])"
Keratoconus,1933,42,2.17,"(""Keratoconus""[MeSH Terms]) AND (""2021/01/01""[PDAT] : ""2025/12/31""[PDAT])"
Corneal cross-linking,758,36,4.75,"(""Corneal Cross-Linking""[MeSH Terms] OR ""corneal cross-linking""[tiab] OR ""corneal crosslinking""[tiab]) AND (""2021/01/01""[PDAT] : ""2025/12/31""[PDAT])"
Corneal transplantation,2217,43,1.94,"(""Corneal Transplantation""[MeSH Terms]) AND (""2021/01/01""[PDAT] : ""2025/12/31""[PDAT])"
Glaucoma,10071,314,3.12,"(""Glaucoma""[MeSH Terms]) AND (""2021/01/01""[PDAT] : ""2025/12/31""[PDAT])"
Dry eye,5765,323,5.6,"(""Dry Eye Syndromes""[MeSH Terms]) AND (""2021/01/01""[PDAT] : ""2025/12/31""[PDAT])"
Cataract extraction,4765,315,6.61,"(""Cataract Extraction""[MeSH Terms]) AND (""2021/01/01""[PDAT] : ""2025/12/31""[PDAT])"
Age-related macular degeneration,8113,345,4.25,"(""Macular Degeneration""[MeSH Terms]) AND (""2021/01/01""[PDAT] : ""2025/12/31""[PDAT])"
