author_id (rule off),publications (rule off),matching identity in primary run,its publications in primary run,occurrences shared,primary identities covered
Zhou X,226,Zhou X (Fudan),224,224,2
Alió JL,211,Alió JL,211,211,1
Moshirfar M,182,Moshirfar M,182,182,1
Wang Y,134,Wang Y (Tianjin),134,134,1
Wilson SE,133,Wilson SE,133,133,1
Arba-Mosquera S,132,Arba-Mosquera S,132,132,1
Reinstein DZ,131,Reinstein DZ,131,131,1
Archer TJ,110,Archer TJ,110,110,1
Kohnen T,107,Kohnen T,107,107,1
Seiler T,104,Seiler T,104,104,1
Krueger RR,104,Krueger RR,104,104,1
Kymionis GD,101,Kymionis GD,101,101,1
Kim EK,99,Kim EK (Yonsei),98,98,2
Manche EE,96,Manche EE,96,96,1
Randleman JB,94,Randleman JB,94,94,1
Seitz B,90,Seitz B,90,90,1
Mehta JS,89,Mehta JS (Singapore),89,89,1
Teus MA,86,Teus MA,86,86,1
Hoopes PCS,86,Hoopes PCS,86,86,1
Azar DT,85,Azar DT,85,85,1
Waring GO,82,Waring GO,82,82,1
Pallikaris IG,79,Pallikaris IG,79,79,1
Santhiago MR,79,Santhiago MR,79,79,1
Marshall J,78,Marshall J,78,78,1
McDonnell PJ,76,McDonnell PJ,76,76,1
Sekundo W,71,Sekundo W,71,71,1
Koch DD,70,Koch DD,70,70,1
Langenbucher A,70,Langenbucher A,70,70,1
Jhanji V,68,Jhanji V,68,68,1
Mimouni M,68,Mimouni M,68,68,1
Rosa N,67,Rosa N,67,67,1
Schallhorn SC,67,Schallhorn SC,67,67,1
Tervo TMT,66,Tervo TMT,66,66,1
Sharma N,66,Sharma N (New Delhi),66,66,1
Kim T,66,Kim T (Yonsei),65,65,2
Tsubota K,65,Tsubota K,65,65,1
Zhao J,65,Zhao J (Fudan),65,65,1
Stulting RD,63,Stulting RD,63,63,1
Wang L,63,Wang L (Cullen),63,63,1
Piñero DP,63,Piñero DP,63,63,1
