author_id,publications,first_author,last_author,years_active,top_affiliations,openalex_ids,n_distinct_openalex_ids,orcid
Seitz B,90,26,33,1992–2025,"Department of Ophthalmology, University of Erlangen-Nürnberg, Erlangen, Germany. (×7); Department of Ophthalmology, Saarland University Medical Center UKS, Homburg/Saar, Germany (×4)",A5089138062×87; A5105280352×1; A5107834181×1,3,0000-0001-9701-8204; https://orcid.org/0000-0001-9701-8204
Alió JL,211,61,94,1993–2025,"Department of Ophthalmology, Miguel Hernández University School of Medicine, Alicante, Spa (×7); Instituto Oftalmológico de Alicante, Refractive Surgery and Cornea Unit, Miguel Hernández  (×5)",A5091654539×190; A5113597750×3; A5043568424×3; A5113767702×2,8,0000-0002-8082-1751; https://orcid.org/0000-0002-8082-1751
Ambrósio R,63,20,23,2001–2025,"Rio de Janeiro Corneal Tomography and Biomechanics Study Group, Rio de Janeiro, Brazil. (×5); Setor de Cirurgia Refrativa, Hospital das Clínicas, Faculdade de Medicina, Universidade de (×3)",A5065622858×62; A5076885517×1,2,0000-0001-6919-4606; https://orcid.org/0000-0001-6919-4606
Langenbucher A,70,11,4,1993–2025,"Department of Ophthalmology, University of Erlangen-Nürnberg, Erlangen, Germany. (×7); Department of Ophthalmology, University of Erlangen-Nürnberg, Erlangen, Germany. berthold. (×3)",A5062081434×61; A5060361588×7; A5089138062×1,3,0000-0001-9175-6177; https://orcid.org/0000-0001-9175-6177
Hashemi H,56,28,8,2002–2025,"Noor Ophthalmology Research Center, Noor Eye Hospital, Tehran, Iran. (×14); Noor Research Center for Ophthalmic Epidemiology, Noor Eye Hospital, Tehran, Iran. (×4)",A5046648460×52; A5107844123×2; A5113080797×1,3,0000-0002-2109-0856; https://orcid.org/0000-0002-6086-1537
Hafezi F,36,10,6,2003–2024,"Institute for Refractive and Ophthalmic Surgery, Zurich, Switzerland. farhad.hafezi@iroc.c (×3); Division of Ophthalmology, Department of Clinical Neurosciences, Geneva University Hospita (×3)",A5003253011×36,1,0000-0001-8935-4558; https://orcid.org/0000-0001-8935-4558
Hafezi NL,0,,,,,,,not in corpus
Torres-Netto EA,10,2,0,2019–2024,". (×3); ELZA Institute, Dietikon/Zurich. (×2)",A5018277501×10,1,https://orcid.org/0000-0002-9007-5895
Hillen M,4,0,1,2022–2023,"ELZA Institute, 8953 Dietikon, Switzerland. (×2); ELZA Institute, Dietikon/Zurich. (×1)",A5053797457×4,1,0000-0003-1277-9309; https://orcid.org/0000-0003-1277-9309
Kymionis GD,101,53,18,2001–2023,"Department of Ophthalmology, University of Lausanne, Jules-Gonin Eye Hospital, Fondation A (×11); Institute of Vision and Optics (IVO), Faculty of Medicine, University of Crete, Heraklion, (×4)",A5056071225×99,1,https://orcid.org/0000-0003-1618-8047
McGhee CNJ,31,5,14,1994–2013,"Department of Ophthalmology, University of Auckland, Auckland, New Zealand. (×5); Corneal Diseases and Excimer Laser Research Unit, University of Dundee Department of Ophth (×3)",A5057138517×30,1,https://orcid.org/0000-0001-7048-0706
Shetty R,63,28,7,2006–2025,"Cornea and Refractive Surgery Division, Narayana Nethralaya, Bangalore, India. (×5); Narayana Nethralaya Eye Hospital, Bangalore, India. (×5)",A5087862400×59; A5088653687×1; A5104491345×1; A5104490953×1,5,https://orcid.org/0000-0002-4515-7779; https://orcid.org/0000-0002-4556-1587
Jhanji V,68,3,26,2006–2025,"Department of Ophthalmology and Visual Sciences, The Chinese University of Hong Kong, Hong (×6); Department of Ophthalmology & Visual Sciences, The Chinese University of Hong Kong, Hong K (×5)",A5058864937×67; A5015099979×1,2,0000-0002-4429-2004; https://orcid.org/0000-0002-4429-2004
Zhou X (Fudan),224,4,141,2002–2025,"Eye Institute and Department of Ophthalmology, Eye & ENT Hospital, Fudan University, Shang (×32); Key Lab of Myopia, Ministry of Health, Department of Ophthalmology, EYE & ENT Hospital of  (×13)",A5025243684×160; A5113418550×42; A5132616724×5; A5102891921×2,14,0000-0002-3465-1579; 0000-0002-6125-769X
Wang Y (Fudan),3,1,0,2024–2025,"Department of Ophthalmology, Eye Institute, Eye & ENT Hospital, Fudan University, Shanghai (×2); Eye Institute and Department of Ophthalmology, Eye & ENT Hospital, Fudan University, Shang (×1)",A5100395192×2; A5100395184×1,2,https://orcid.org/0000-0001-6975-4503; https://orcid.org/0000-0002-7354-7854
Chen S (Wenzhou),39,7,7,1999–2025,"National Clinical Research Center for Ocular Diseases, Eye Hospital, Wenzhou Medical Unive (×3); Eye Hospital, Wenzhou Medical University, Wenzhou, China. (×3)",A5055000437×33; A5059227344×3; A5080801076×1,3,0000-0001-7646-8003; https://orcid.org/0000-0001-7646-8003
Sharma N (New Delhi),66,20,11,1999–2025,"Rajendra Prasad Centre for Ophthalmic Sciences, All India Institute of Medical Sciences, N (×22); Dr. Rajendra Prasad Centre for Ophthalmic Sciences, All India Institute of Medical Science (×8)",A5070023095×59; A5104022836×2; A5100437499×1; A5091448556×1,5,0000-0002-2124-7542; https://orcid.org/0000-0002-2124-7542
Flockerzi E,4,0,0,2020–2024,"Department of Ophthalmology, Saarland University Medical Center, Homburg/Saar, Germany. (×1); Klinik für Augenheilkunde, Universitätsklinikum des Saarlandes und Medizinische Fakultät d (×1)",A5070388134×4,1,0000-0002-0423-3624; https://orcid.org/0000-0002-0423-3624
Vinciguerra R,27,4,6,2014–2025,"Department of Surgical Sciences, Division of Ophthalmology, University of Insubria, Varese (×5); *Rio de Janeiro Corneal Tomography and Biomechanics Study Group, Rio de Janeiro, Brazil †D (×4)",A5059536792×27,1,https://orcid.org/0000-0002-2280-9981
Vinciguerra P,55,34,6,1995–2025,"*Rio de Janeiro Corneal Tomography and Biomechanics Study Group, Rio de Janeiro, Brazil †D (×4); Department of Ophthalmology, Istituto Clinico Humanitas, Rozzano-Milano, Italy. pvinciguer (×3)",A5037156101×54,1,https://orcid.org/0000-0002-3864-8246
Seiler T,104,43,44,1988–2022,"Augenklinik des Universitätsklinikums Carl Gustav Carus der Technischen Universität Dresde (×3); From the Department of Ophthalmology (Hammer, Petsch, Kruse, Menzel-Severing) and the Depa (×3)",A5089764794×71; A5024816310×23; A5110935800×1; A5027744290×1,4,https://orcid.org/0000-0001-8325-2075; https://orcid.org/0000-0002-6959-6936
Seiler TG,11,4,3,2015–2025,"Wellman Center for Photomedicine-Massachusetts General Hospital, Harvard Medical School, B (×2); Bern, Switzerland. (×2)",A5089764794×10; A5110935800×1,2,https://orcid.org/0000-0002-6959-6936
Spoerl E,0,,,,,,,not in corpus
Colin J,41,15,20,1989–2013,"Service d'Ophtalmologie, CHU Morvan, Brest. (×5); Department of Ophthalmology, University of Brest, Hôpital Morvan, France. (×3)",A5109129910×21; A5019405353×10; A5109573544×6; A5007866740×1,6,https://orcid.org/0009-0005-2324-0597
