year,n,mean_citations
1988,24,68.75
1989,42,43.79
1990,50,65.98
1991,56,60.73
1992,84,38.24
1993,135,32.05
1994,154,35.95
1995,195,21.96
1996,272,24.71
1997,300,28.85
1998,301,40.93
1999,342,33.69
2000,426,36.79
2001,430,44.66
2002,406,35.06
2003,459,35.88
2004,488,30.8
2005,485,31.99
2006,481,33.6
2007,410,33.69
2008,402,33.66
2009,376,30.51
2010,387,31.59
2011,332,28.67
2012,417,25.72
2013,398,27.52
2014,373,28.73
2015,389,23.91
2016,382,23.41
2017,422,22.41
2018,391,21.54
2019,365,19.49
2020,485,14.58
2021,420,10.56
2022,441,8.88
2023,417,7.29
2024,398,4.67
2025,473,1.63
