name,publications,n_with_citation_count,citations_total,mean,median,q1,q3,mean_normalised_citation_score,median_normalised_citation_score,n_2015_2020,mean_2015_2020,median_2015_2020
Invest Ophthalmol Vis Sci,177,177,12611,71.2,48,22,95,2.26,1.62,21,46.6,35
Surv Ophthalmol,40,40,2687,67.2,40.5,11.0,79.8,2.77,1.5,3,52.3,50
Ophthalmology,518,516,34373,66.6,42.0,8.0,91.0,2.04,1.19,28,44.0,18.5
Arch Ophthalmol,175,173,10141,58.6,32,10,75,1.52,1.01,0,,
Exp Eye Res,73,72,3969,55.1,23.0,10.8,59.8,2.25,1.38,14,50.4,25.5
Am J Ophthalmol,356,353,17096,48.4,30,10,59,1.64,0.97,28,34.4,14.5
Br J Ophthalmol,158,157,7515,47.9,24,12,52,1.66,0.89,30,35.6,26.0
Lasers Surg Med,26,26,1238,47.6,18.0,12.5,31.5,1.04,0.57,3,11.7,7
Trans Am Ophthalmol Soc,33,31,1452,46.8,37,20.0,49.0,1.28,1.1,1,20.0,20
Curr Opin Ophthalmol,173,172,6814,39.6,31.0,11.0,50.0,1.44,1.13,28,32.9,26.5
Eye Vis (Lond),43,43,1620,37.7,18,8.5,50.0,1.88,1.24,25,44.8,30
Refract Corneal Surg,99,99,3283,33.2,19,8.5,38.0,0.8,0.5,0,,
J Cataract Refract Surg,2340,2313,76439,33.0,18,5,41,1.1,0.65,377,19.8,10
Optom Vis Sci,86,85,2650,31.2,15,8,46,1.11,0.6,17,21.9,16
Cont Lens Anterior Eye,48,48,1483,30.9,16.5,8.0,37.2,1.19,0.77,18,20.6,14.5
J Refract Corneal Surg,52,51,1573,30.8,18,5.0,32.0,0.86,0.5,0,,
Clin Exp Ophthalmol,62,60,1785,29.8,13.0,5.0,38.0,1.03,0.46,11,22.8,7
PLoS One,71,71,2081,29.3,18,9.0,34.0,1.35,0.96,35,27.2,18
Cornea,555,551,15885,28.8,17,7.0,36.0,1.07,0.75,130,22.2,16.0
J Refract Surg,2181,2171,61966,28.5,17,7.0,36.0,1.07,0.65,330,26.3,20.0
Semin Ophthalmol,41,41,1116,27.2,11,5,33,1.08,0.49,9,35.6,13
Acta Ophthalmol,58,57,1472,25.8,14,7,35,1.44,0.96,21,36.1,35
Graefes Arch Clin Exp Ophthalmol,159,159,4052,25.5,13,5.5,32.0,1.02,0.66,33,16.9,10
Eye (Lond),80,80,2023,25.3,14.5,4.0,31.2,1.11,0.61,16,34.1,17.0
Ophthalmic Physiol Opt,31,31,775,25.0,17,9.0,32.0,1.02,0.59,5,23.6,20
Acta Ophthalmol Scand,44,44,1020,23.2,13.0,4.0,27.0,0.68,0.5,0,,
Ophthalmol Clin North Am,22,22,502,22.8,10.0,6.2,20.5,0.64,0.29,0,,
Ophthalmic Surg Lasers,44,44,986,22.4,14.5,6.0,35.0,0.75,0.47,0,,
Curr Eye Res,80,79,1708,21.6,13,4.0,25.5,1.03,0.54,24,21.6,14.0
Asia Pac J Ophthalmol (Phila),34,34,654,19.2,14.0,5.0,25.5,1.19,0.75,21,27.5,23
Transl Vis Sci Technol,37,37,649,17.5,10,4,23,1.67,1.17,10,31.6,22.5
CLAO J,28,28,485,17.3,14.0,5.0,25.5,0.54,0.42,0,,
Ophthalmologica,30,30,509,17.0,13.5,8.0,25.0,0.53,0.45,0,,
Clin Exp Optom,50,50,838,16.8,8.0,3.2,20.0,0.72,0.47,8,18.5,20.0
Jpn J Ophthalmol,46,42,693,16.5,10.0,5.5,28.5,0.58,0.37,3,7.7,9
J Ophthalmol,113,113,1853,16.4,10,5,25,0.94,0.67,72,19.0,15.0
BMC Ophthalmol,179,179,2828,15.8,8,3.5,21.0,1.21,0.95,65,26.5,20
Clin Ophthalmol,297,296,4613,15.6,10.5,4.0,20.0,0.97,0.62,115,19.3,14
Int Ophthalmol Clin,100,100,1510,15.1,9.0,4.0,19.0,0.54,0.27,10,22.1,16.0
Eur J Ophthalmol,149,145,2071,14.3,9,3,19,0.59,0.45,31,12.9,11
J Biomed Opt,21,21,296,14.1,9,7,16,0.51,0.36,5,7.4,7
Ophthalmic Res,22,22,309,14.0,9.5,4.2,22.8,0.73,0.61,6,16.2,14.5
Sci Rep,77,77,1030,13.4,6,2,16,1.19,0.69,29,27.2,18
Middle East Afr J Ophthalmol,31,31,406,13.1,10,5.0,17.5,0.56,0.51,4,19.5,17.5
Ophthalmol Ther,57,57,732,12.8,6,2,16,1.37,0.9,11,18.4,17
Eye Contact Lens,118,118,1483,12.6,9.5,4.2,17.8,0.6,0.45,37,13.5,12
Ophthalmic Surg Lasers Imaging,35,35,423,12.1,9,5.5,15.0,0.39,0.28,0,,
Can J Ophthalmol,53,52,623,12.0,7.0,3.8,13.2,0.5,0.33,20,12.8,6.5
J Ophthalmic Vis Res,46,46,495,10.8,5.0,3.0,14.8,0.47,0.26,23,12.1,5
Korean J Ophthalmol,54,54,561,10.4,8.0,3.2,14.8,0.44,0.39,17,11.4,9
Saudi J Ophthalmol,36,36,370,10.3,9.0,2.0,12.5,0.52,0.37,12,12.2,8.0
Indian J Ophthalmol,192,192,1968,10.2,5.0,2.0,10.2,0.77,0.41,69,11.4,7
Ophthalmologe,170,169,1702,10.1,6,3,15,0.36,0.21,20,6.2,3.5
Lasers Med Sci,24,24,235,9.8,6.5,2.8,11.0,0.88,0.65,8,16.1,9.5
Int J Ophthalmol,146,146,1371,9.4,7.0,2.0,12.0,0.6,0.46,62,12.2,9.0
Medicine (Baltimore),39,39,364,9.3,5,2.0,10.0,0.59,0.45,20,14.8,10.0
Klin Monbl Augenheilkd,163,163,1435,8.8,4,1.0,11.0,0.31,0.16,28,6.4,4.0
Int Ophthalmol,169,169,1410,8.3,5,2,13,0.65,0.47,55,12.1,10
Front Med (Lausanne),49,49,396,8.1,5,2,13,1.2,0.9,2,24.5,24.5
J Clin Med,63,63,467,7.4,4,2.5,9.0,1.08,0.79,4,19.5,13.5
J Curr Ophthalmol,30,30,219,7.3,3.5,1.2,9.2,0.38,0.28,19,10.5,7
Bull Soc Belge Ophtalmol,25,25,162,6.5,3,0,10,0.19,0.07,0,,
Case Rep Ophthalmol,31,31,172,5.5,2,1.0,8.0,0.36,0.27,11,6.6,6
Arq Bras Oftalmol,71,70,366,5.2,4.0,2.0,6.0,0.23,0.16,13,6.0,4
Am J Ophthalmol Case Rep,42,42,199,4.7,3.5,1.2,8.0,0.35,0.32,21,7.2,8
J Fr Ophtalmol,137,137,622,4.5,3,1,6,0.22,0.13,30,5.7,4.0
Arch Soc Esp Oftalmol,56,56,245,4.4,3.0,1.0,6.0,0.15,0.08,8,9.1,4.5
Photodiagnosis Photodyn Ther,22,22,97,4.4,2.0,1.0,4.0,1.4,0.61,1,39.0,39
Cureus,42,42,152,3.6,1.5,0.2,6.0,0.58,0.41,4,7.2,8.0
Nippon Ganka Gakkai Zasshi,44,44,143,3.2,2.0,0.0,5.0,0.1,0.06,5,1.6,1
Zhonghua Yan Ke Za Zhi,248,247,513,2.1,1,0.0,3.0,0.09,0.04,50,3.0,2.5
Vestn Oftalmol,103,103,197,1.9,1,0.0,3.0,0.1,0.03,25,5.1,5
Yan Ke Xue Bao,28,28,47,1.7,1.0,0.0,2.0,0.05,0.03,0,,
Klin Oczna,34,34,52,1.5,1.0,0.0,2.0,0.04,0.03,0,,
Cesk Slov Oftalmol,70,70,100,1.4,0.0,0.0,2.0,0.06,0.0,4,9.2,8.0
Oftalmologia,20,18,15,0.8,0.0,0.0,0.8,0.02,0.0,0,,
