journal,rs_records,journal_total_1988_2025,rs_share_pct,journal_total_excl_letters_comments_editorials,rs_share_pct_excl,pubmed_query
J Cataract Refract Surg,2340,13612,17.19,10149,23.06,"""8604171""[nlmid] AND (""1988/01/01""[PDAT] : ""2025/12/31""[PDAT])"
J Refract Surg,2181,4176,52.23,3602,60.55,"""9505927""[nlmid] AND (""1988/01/01""[PDAT] : ""2025/12/31""[PDAT])"
Cornea,555,8879,6.25,8102,6.85,"""8216186""[nlmid] AND (""1988/01/01""[PDAT] : ""2025/12/31""[PDAT])"
Ophthalmology,518,15489,3.34,11757,4.41,"""7802443""[nlmid] AND (""1988/01/01""[PDAT] : ""2025/12/31""[PDAT])"
Am J Ophthalmol,356,15154,2.35,12284,2.9,"""0370500""[nlmid] AND (""1988/01/01""[PDAT] : ""2025/12/31""[PDAT])"
Clin Ophthalmol,297,6179,4.81,6037,4.92,"""101321512""[nlmid] AND (""1988/01/01""[PDAT] : ""2025/12/31""[PDAT])"
Zhonghua Yan Ke Za Zhi,248,5196,4.77,4985,4.97,"""16210540R""[nlmid] AND (""1988/01/01""[PDAT] : ""2025/12/31""[PDAT])"
Indian J Ophthalmol,192,10214,1.88,7546,2.54,"""0405376""[nlmid] AND (""1988/01/01""[PDAT] : ""2025/12/31""[PDAT])"
BMC Ophthalmol,179,5101,3.51,5080,3.52,"""100967802""[nlmid] AND (""1988/01/01""[PDAT] : ""2025/12/31""[PDAT])"
Invest Ophthalmol Vis Sci,177,23052,0.77,22472,0.79,"""7703701""[nlmid] AND (""1988/01/01""[PDAT] : ""2025/12/31""[PDAT])"
Arch Ophthalmol,175,8809,1.99,6458,2.71,"""7706534""[nlmid] AND (""1988/01/01""[PDAT] : ""2025/12/31""[PDAT])"
Curr Opin Ophthalmol,173,2750,6.29,2665,6.49,"""9011108""[nlmid] AND (""1988/01/01""[PDAT] : ""2025/12/31""[PDAT])"
Ophthalmologe,170,5173,3.29,4918,3.46,"""9206148""[nlmid] AND (""1988/01/01""[PDAT] : ""2025/12/31""[PDAT])"
Int Ophthalmol,169,5740,2.94,5631,3.0,"""7904294""[nlmid] AND (""1988/01/01""[PDAT] : ""2025/12/31""[PDAT])"
Klin Monbl Augenheilkd,163,7414,2.2,7024,2.32,"""0014133""[nlmid] AND (""1988/01/01""[PDAT] : ""2025/12/31""[PDAT])"
Graefes Arch Clin Exp Ophthalmol,159,9378,1.7,8532,1.86,"""8205248""[nlmid] AND (""1988/01/01""[PDAT] : ""2025/12/31""[PDAT])"
Br J Ophthalmol,158,13380,1.18,10555,1.5,"""0421041""[nlmid] AND (""1988/01/01""[PDAT] : ""2025/12/31""[PDAT])"
Eur J Ophthalmol,149,6485,2.3,6246,2.39,"""9110772""[nlmid] AND (""1988/01/01""[PDAT] : ""2025/12/31""[PDAT])"
Int J Ophthalmol,146,4170,3.5,4137,3.53,"""101553860""[nlmid] AND (""1988/01/01""[PDAT] : ""2025/12/31""[PDAT])"
J Fr Ophtalmol,137,7554,1.81,6230,2.2,"""7804128""[nlmid] AND (""1988/01/01""[PDAT] : ""2025/12/31""[PDAT])"
