year,n_records,n_with_author_keywords,pct
1988,24,0,0.0
1989,42,0,0.0
1990,50,0,0.0
1991,56,0,0.0
1992,85,0,0.0
1993,135,0,0.0
1994,156,0,0.0
1995,197,0,0.0
1996,272,0,0.0
1997,303,2,0.7
1998,304,0,0.0
1999,344,0,0.0
2000,435,0,0.0
2001,432,0,0.0
2002,411,0,0.0
2003,466,0,0.0
2004,492,1,0.2
2005,492,0,0.0
2006,483,0,0.0
2007,411,1,0.2
2008,403,3,0.7
2009,377,11,2.9
2010,388,22,5.7
2011,336,30,8.9
2012,419,50,11.9
2013,402,82,20.4
2014,377,73,19.4
2015,393,95,24.2
2016,382,133,34.8
2017,422,161,38.2
2018,393,161,41.0
2019,365,163,44.7
2020,487,267,54.8
2021,423,223,52.7
2022,441,249,56.5
2023,417,243,58.3
2024,399,220,55.1
2025,473,345,72.9
