year,records,LASIK n,Surface ablation n,Lenticule extraction n,LASIK %,Surface ablation %,Lenticule extraction %,no family named n
1988,24,0,3,0,0.0,12.5,0.0,21
1989,42,0,5,0,0.0,11.9,0.0,37
1990,50,1,15,0,2.0,30.0,0.0,34
1991,56,1,18,0,1.8,32.1,0.0,37
1992,85,0,35,0,0.0,41.2,0.0,50
1993,135,0,95,0,0.0,70.4,0.0,40
1994,156,1,114,0,0.6,73.1,0.0,42
1995,197,9,166,0,4.6,84.3,0.0,30
1996,272,27,242,0,9.9,89.0,0.0,20
1997,303,50,262,0,16.5,86.5,0.0,9
1998,304,92,232,0,30.3,76.3,0.0,18
1999,344,156,219,0,45.3,63.7,0.0,16
2000,435,276,223,0,63.4,51.3,0.0,9
2001,432,331,182,0,76.6,42.1,0.0,11
2002,411,322,165,0,78.3,40.1,0.0,9
2003,466,369,177,0,79.2,38.0,0.0,16
2004,492,392,161,0,79.7,32.7,0.0,18
2005,492,399,153,0,81.1,31.1,0.0,20
2006,483,369,175,2,76.4,36.2,0.4,12
2007,411,308,162,0,74.9,39.4,0.0,18
2008,403,298,147,1,73.9,36.5,0.2,29
2009,377,279,120,0,74.0,31.8,0.0,32
2010,388,295,139,5,76.0,35.8,1.3,25
2011,336,234,122,9,69.6,36.3,2.7,23
2012,419,294,167,14,70.2,39.9,3.3,33
2013,402,293,113,27,72.9,28.1,6.7,45
2014,377,231,140,48,61.3,37.1,12.7,35
2015,393,234,130,76,59.5,33.1,19.3,22
2016,382,218,120,99,57.1,31.4,25.9,29
2017,422,240,130,114,56.9,30.8,27.0,36
2018,393,234,119,119,59.5,30.3,30.3,23
2019,365,215,108,114,58.9,29.6,31.2,26
2020,487,249,162,142,51.1,33.3,29.2,52
2021,423,206,136,124,48.7,32.2,29.3,57
2022,441,218,136,157,49.4,30.8,35.6,57
2023,417,214,134,164,51.3,32.1,39.3,44
2024,399,204,127,138,51.1,31.8,34.6,47
2025,473,212,134,193,44.8,28.3,40.8,49
