rank,author,publications,first_author,last_author,total_citations,citations_median,n_cited_known,h_index_estimate,year_first,year_last,years_active,journal_count,sample_affiliation
1,Zhou X (Fudan),166,0,117,2591,11.0,166,36,2016,2025,10,40,"Department of Ophthalmology, Myopia Key Laboratory of the Health Ministry, Eye and ENT Hospital of Fudan University, Shanghai, China.; From the Beijing Tongren Eye Center (Song, Sun, N. Wang, Zhang), Beijing Tongren Hospital, Capital Medical University and Beijing Ophthalmology & Visual Sciences Key Laboratory, the Peking University Third Hospital (Y. Chen), Beijing, Key Laboratory of Myopia, Ministry of Health, Department of Ophthalmology (Zhou, Zhao), the Eye and ENT Hospital of Fudan University, Shanghai, the Eye Hospital of Wenzhou Medical University (Q. Wang, S. Chen), Wenzhou, the West China Hospital of Sichuan University (Deng, Qiu), Chengdu, China; the Stein Eye Institute (Aldave), University of California Los Angeles Medical Center, Los Angeles, California, USA."
2,Moshirfar M,123,81,25,1424,6,123,27,2016,2025,10,21,"From the Ophthalmic Research Center and Department of Ophthalmology (Faramarzi, Karimian, Delfazayebaher, Kheiri), Labbafinejad Medical Center, Shahid Beheshti University of Medical Sciences, Tehran, Iran; John A Moran Eye Center (Moshirfar), Department of Ophthalmology and Visual Sciences, University of Utah, Salt Lake City, Utah, USA.; Department of Ophthalmology and Visual Sciences, John A. Moran Eye Center.; HDR Research Center, Hoopes Vision, Draper, UT, USA."
3,Wang Y (Tianjin),97,9,48,1731,9,97,29,2016,2025,10,34,"From the Tianjin Eye Hospital (Wei, Wang), Tianjin Key Laboratory of Ophthalmology and Visual Science, Clinical College of Ophthalmology, Tianjin Medical University, Tianjin, the Department of Ophthalmology and Visual Sciences (Chan, Jhanji), the Chinese University of Hong Kong, the Department of Ophthalmology (Ng), the University of Hong Kong, and the Hong Kong Laser Eye Center (Cheng), Hong Kong, China; UPMC Eye Center (Jhanji), University of Pittsburgh School of Medicine, Pittsburgh, Pennsylvania, USA. Electronic address: wangyan7143@vip.sina.com.; Tianjin Eye Hospital, Tianjin Eye Institute, Tianjin Key Laboratory of Ophthalmology and Visual Science, Clinical College of Ophthalmology, Tianjin Medical University, Tianjin, China."
4,Hoopes PCS,85,1,66,1010,7,85,22,2016,2025,10,15,"HDR Research Center, Hoopes Vision, Draper.; *HDR Research Center, Hoopes Vision, Draper, UT; †Tufts University School of Medicine, Boston, MA; ‡Department of Ophthalmology and Visual Sciences, John A. Moran Eye Center, University of Utah School of Medicine, Salt Lake City, UT; §University of Utah School of Medicine, Salt Lake City, UT; and ¶McGovern Medical School, The University of Texas Health Science Center at Houston, Houston, TX.; Hoopes, Durrie, Rivera, Research Center, Hoopes Vision, Draper, UT."
5,Arba-Mosquera S,79,5,34,1443,15,79,27,2016,2025,10,21,"From the Muscat Eye Laser Center (M.C. Arbelaez, J.G. Arbelaez), Muscat, Oman; NewVision Clinics (Alpins, Stamatelatos) and Assort Surgical Management Systems (Alpins, Stamatelatos), Melbourne, Australia; Research and Development (Verma, Arba-Mosquera), Schwind eye-tech-solutions GmbH & Co. KG, Kleinostheim, Experimental Radiation Oncology (Verma), University Medical Center Mannheim, Heidelberg University, Mannheim, the Interdisciplinary Center for Scientific Computing (Verma), and the Central Institute for Computer Engineering (Verma), Heidelberg University, Heidelberg, Germany.; Universal Council of Ophthalmology (UCO), Universal Scientific Education and Research Network (USERN), Tehran 1417613151, Iran; SCHWIND Eye-Tech-Solutions, Kleinostheim D-63797, Germany; Instituto de Oftalmobiología Aplicada, University of Valladolid, Valladolid 8-47002, Spain."
6,Mimouni M,66,9,13,793,6.5,66,20,2016,2025,10,18,"Department of Ophthalmology, Rambam Health Care Campus, Technion-Israel Institute of Technology, Haifa, Israel. michael@intername.co.il.; *Department of Ophthalmology, Wolfson Medical Center, Holon, Israel;†Department of Ophthalmology, Rambam Health Care Campus, Haifa, Israel;‡Care-Vision Laser Center Institute, Tel Aviv, Israel;§Department of Ophthalmology, Barzilai Medical Center, Ashkelon, Israel; and¶Faculty of Health Science, Ben Gurion University of the Negev, Beer Sheva, Israel."
7,Reinstein DZ,62,30,2,1982,25,61,31,2016,2025,9,9,"London Vision Clinic, London, United Kingdom; Department of Ophthalmology, Columbia University Medical Center, New York, New York; Centre Hospitalier National d'Ophtalmologie, Paris, France; Biomedical Science Research Institute, University of Ulster, Coleraine, United Kingdom."
8,Mehta JS (Singapore),55,2,34,2123,25,55,33,2016,2025,10,25,"Tissue Engineering and Stem Cell Group, Singapore Eye Research Institute, Singapore.; Singapore National Eye Centre, Singapore."
9,Archer TJ,55,0,4,1541,22.5,54,28,2016,2025,9,6,"London Vision Clinic, London, United Kingdom; Biomedical Science Research Institute, University of Ulster, Coleraine, United Kingdom."
10,Zhao J (Fudan),52,8,14,553,9.0,52,17,2016,2025,10,22,"From the Beijing Tongren Eye Center (Song, Sun, N. Wang, Zhang), Beijing Tongren Hospital, Capital Medical University and Beijing Ophthalmology & Visual Sciences Key Laboratory, the Peking University Third Hospital (Y. Chen), Beijing, Key Laboratory of Myopia, Ministry of Health, Department of Ophthalmology (Zhou, Zhao), the Eye and ENT Hospital of Fudan University, Shanghai, the Eye Hospital of Wenzhou Medical University (Q. Wang, S. Chen), Wenzhou, the West China Hospital of Sichuan University (Deng, Qiu), Chengdu, China; the Stein Eye Institute (Aldave), University of California Los Angeles Medical Center, Los Angeles, California, USA.; Eye and ENT Hospital of Fudan University, Myopia Key Laboratory of the Health Ministry, Shanghai, China."
11,Shetty R,52,20,6,878,10.0,52,21,2016,2025,9,19,"Cornea and Refractive Surgery Division, Narayana Nethralaya, Bommansandra, Bangalore, India.; Department of Cornea and Refractive surgery, Narayana Nethralaya Eye Hospital, Narayana Health City, Bommasandra, Bangalore, Karnataka, India.; Department of Cornea and Refractive Surgery, Narayana Nethralaya, Bengaluru, Karnataka, India."
12,Kaiserman I,52,2,35,758,7.5,52,19,2016,2025,10,16,"Department of Ophthalmology, Barzilai Medical Center, Ashkelon and the Faculty of Health Sciences, Ben-Gurion University of the Negev, Beer Sheba, Israel.; Care-Vision Laser Centers, Tel Aviv, Israel."
13,Jhanji V,50,1,18,837,13.5,50,20,2016,2025,10,17,"From the Tianjin Eye Hospital (Wei, Wang), Tianjin Key Laboratory of Ophthalmology and Visual Science, Clinical College of Ophthalmology, Tianjin Medical University, Tianjin, the Department of Ophthalmology and Visual Sciences (Chan, Jhanji), the Chinese University of Hong Kong, the Department of Ophthalmology (Ng), the University of Hong Kong, and the Hong Kong Laser Eye Center (Cheng), Hong Kong, China; UPMC Eye Center (Jhanji), University of Pittsburgh School of Medicine, Pittsburgh, Pennsylvania, USA.; Department of Ophthalmology, University of Pittsburgh School of Medicine, Philadelphia, USA.; Department of Ophthalmology and Visual Sciences, The Chinese University of Hong Kong, Kowloon, Hong Kong."
14,Santhiago MR,49,18,10,1268,9,49,25,2016,2025,10,10,"University of São Paulo, São Paulo, Brazil."
15,Ronquillo YC,47,0,5,644,7,47,18,2018,2024,7,13,"Hoopes Vision Research Center, Hoopes Vision, Draper, UT, USA.; Olivera Lab, School of Biological Sciences, University of Utah, Salt Lake City, UT, USA.; Hoopes Vision Research Center, Hoopes Vision, 11820 S. State St. #200, Draper, UT, USA 84020."
16,Li M (Fudan),46,10,3,841,13.5,46,21,2016,2025,10,23,"Department of Ophthalmology, Myopia Key Laboratory of the Health Ministry, Eye and ENT Hospital of Fudan University, Shanghai, China.; Key Lab of Myopia, Ministry of Health, Department of Ophthalmology, EYE & ENT Hospital of Fudan University, Shanghai, China."
17,Sekundo W,45,3,18,1159,18,45,24,2016,2025,10,17,"Department of Ophthalmology, Philipps University of Marburg, Marburg, Germany.; 3 Department of Ophthalmology, Philipps University of Marburg, Marburg - Germany.; Augenklinik, Universitätsklinikum Gießen und Marburg GmbH, Standort Marburg, Baldingerstr., 35043, Marburg, Deutschland."
18,Alió JL,44,4,27,1185,13.0,44,24,2016,2025,10,19,"Division of Ophthalmology, School of Medicine, Universidad Miguel Hernández, Alicante, Spain.; Refractive Surgery Department, VISSUM, Alicante, Spain.; Cornea, Cataract and Refractive Surgery Unit, Vissum Corporación, Alicante, Spain."
19,Teus MA,44,4,34,346,3.5,44,13,2016,2025,9,17,"Novovision Madrid, Madrid, Spain.; Príncipe de Asturias Universitary Hospital, Madrid, Spain."
20,Han T (Fudan),42,11,0,763,11.5,42,20,2016,2025,10,20,"Key Lab of Myopia, Ministry of Health, Department of Ophthalmology, EYE & ENT Hospital of Fudan University, Shanghai, China.; Key Laboratory of Myopia, Ministry of Health, Department of Ophthalmology, EYE & ENT Hospital of Fudan University, Shanghai, China.; Department of Ophthalmology, Eye and ENT Hospital, Fudan University, Shanghai, China."
21,Zhang Y (Peking),41,7,2,259,5,41,11,2016,2025,10,18,"Medal Eye Institute, Chongqing, China.; Department of Ophthalmology, Peking University Third Hospital Key Laboratory of Vision Loss and Restoration, Ministry of Education Moslem Hospital, Beijing, China.; Department of Ophthalmology, Peking University Third Hospital, Beijing 100191, China."
22,Kim T (Yonsei),38,1,28,1311,19.5,38,26,2016,2025,9,13,"Department of Ophthalmology, Corneal Dystrophy Research Institute, Institute of Vision Research, Yonsei University College of Medicine Nune Eye Hospital Research Institute of Bacterial Resistance, Department of Laboratory Medicine, Yonsei University College of Medicine Severance Biomedical Science Institute, Yonsei University College of Medicine, Seoul, Korea.; From the Department of Ophthalmology (Lee), International St. Mary's Hospital, Catholic Kwandong University College of Medicine, Incheon, the Eyereum Eye Clinic (Kang), Seoul, and the Institute of Vision Research (Lee, Kim), Department of Ophthalmology, Yonsei University College of Medicine, Seoul, South Korea; the Department of Ophthalmology & Visual Science and Department of Biomedical Engineering (Roberts), Ohio State University, Columbus, Ohio, USA; Rio de Janeiro Corneal Tomography and Biomechanics Study Group (Ambrósio), Rio de Janeiro, Brazil; the School of Engineering (Elsheikh), University of Liverpool, Liverpool, United Kingdom.; The Institute of Vision Research, Department of Ophthalmology, Yonsei University College of Medicine, 50 Yonseiro, Seodaemungu, Seoul, 03722, South Korea. tikim@yuhs.ac."
23,Chen Y (Peking),38,1,28,277,6.0,38,12,2016,2025,10,14,"From the Beijing Tongren Eye Center (Song, Sun, N. Wang, Zhang), Beijing Tongren Hospital, Capital Medical University and Beijing Ophthalmology & Visual Sciences Key Laboratory, the Peking University Third Hospital (Y. Chen), Beijing, Key Laboratory of Myopia, Ministry of Health, Department of Ophthalmology (Zhou, Zhao), the Eye and ENT Hospital of Fudan University, Shanghai, the Eye Hospital of Wenzhou Medical University (Q. Wang, S. Chen), Wenzhou, the West China Hospital of Sichuan University (Deng, Qiu), Chengdu, China; the Stein Eye Institute (Aldave), University of California Los Angeles Medical Center, Los Angeles, California, USA.; Department of Ophthalmology, Peking University Third Hospital Key Laboratory of Vision Loss and Restoration, Ministry of Education Moslem Hospital, Beijing, China.; Department of Ophthalmology, Peking University Third Hospital, Beijing 100191, China."
24,Randleman JB,38,5,22,1011,21.5,38,22,2016,2025,10,9,"aCornea, External Disease and Refractive Surgery, Private Practice, Atlanta, Georgia bUSC Department of Ophthalmology, Keck School of Medicine of USC cUSC Roski Eye Institute, Los Angeles, California, USA."
25,Sela T,37,0,0,575,6,37,17,2016,2025,9,12,"Care-Vision Laser Centers, Tel Aviv, Israel.; Care Laser Inc., Tel Aviv, Israel.; *Department of Ophthalmology, Wolfson Medical Center, Holon, Israel;†Department of Ophthalmology, Rambam Health Care Campus, Haifa, Israel;‡Care-Vision Laser Center Institute, Tel Aviv, Israel;§Department of Ophthalmology, Barzilai Medical Center, Ashkelon, Israel; and¶Faculty of Health Science, Ben Gurion University of the Negev, Beer Sheva, Israel."
26,Zhang F (Capital),36,6,20,407,6.0,36,14,2016,2025,10,15,"From the Beijing Tongren Eye Center (Song, Sun, N. Wang, Zhang), Beijing Tongren Hospital, Capital Medical University and Beijing Ophthalmology & Visual Sciences Key Laboratory, the Peking University Third Hospital (Y. Chen), Beijing, Key Laboratory of Myopia, Ministry of Health, Department of Ophthalmology (Zhou, Zhao), the Eye and ENT Hospital of Fudan University, Shanghai, the Eye Hospital of Wenzhou Medical University (Q. Wang, S. Chen), Wenzhou, the West China Hospital of Sichuan University (Deng, Qiu), Chengdu, China; the Stein Eye Institute (Aldave), University of California Los Angeles Medical Center, Los Angeles, California, USA. Electronic address: wxw93@hotmail.com.; Beijing Tongren Eye Center, Beijing Tongren Hospital of Capital Medical University, Beijing Ophthalmology and Visual Sciences Key Lab, Beijing, China (mainland).; Beijing Tongren Eye Center, Beijing Tongren Hospital, Capital Medical University; Beijing Ophthalmology & Visual Sciences Key Lab., Beijing 100730, China."
27,Munzer G,35,0,0,555,6,35,17,2016,2025,8,11,"Care-Vision Laser Centers, Tel Aviv, Israel.; Care Laser Inc., Tel Aviv, Israel.; *Department of Ophthalmology, Wolfson Medical Center, Holon, Israel;†Department of Ophthalmology, Rambam Health Care Campus, Haifa, Israel;‡Care-Vision Laser Center Institute, Tel Aviv, Israel;§Department of Ophthalmology, Barzilai Medical Center, Ashkelon, Israel; and¶Faculty of Health Science, Ben Gurion University of the Negev, Beer Sheva, Israel."
28,Wallerstein A,34,30,3,399,4.0,34,14,2016,2025,9,9,"From the Department of Ophthalmology (Wallerstein, Gauvin), McGill University, LASIK MD (Wallerstein, Gauvin, Adiguzel, Harissi-Dagher, Cohen), and the Department of Ophthalmology (Singh, Harissi-Dagher), University of Montreal, Montreal, and the Department of Ophthalmology (Cohen), University of Sherbrooke, Sherbrooke, Quebec, and the Department of Ophthalmology (Gupta), McMaster University, Hamilton, Ontario, Canada. Electronic address: awallerstein@lasikmd.com.; Department of Ophthalmology, Faculty of Medicine, McGill University; LASIK MD, Montreal.; Montreal, Quebec, Canada."
29,Ganesh S,34,20,6,723,15.0,34,19,2016,2025,10,7,"Phacorefractive Department, Nethradhama Superspeciality Eye Hospital, Bengaluru, Karnataka, India."
30,Chan TCY,34,12,7,696,14.5,34,19,2016,2025,8,15,"From the Tianjin Eye Hospital (Wei, Wang), Tianjin Key Laboratory of Ophthalmology and Visual Science, Clinical College of Ophthalmology, Tianjin Medical University, Tianjin, the Department of Ophthalmology and Visual Sciences (Chan, Jhanji), the Chinese University of Hong Kong, the Department of Ophthalmology (Ng), the University of Hong Kong, and the Hong Kong Laser Eye Center (Cheng), Hong Kong, China; UPMC Eye Center (Jhanji), University of Pittsburgh School of Medicine, Pittsburgh, Pennsylvania, USA.; Department of Ophthalmology and Visual Sciences, The Chinese University of Hong Kong, Kowloon, Hong Kong."
31,Gauvin M,33,1,12,381,4,33,14,2016,2025,9,9,"From the Department of Ophthalmology (Wallerstein, Gauvin), McGill University, LASIK MD (Wallerstein, Gauvin, Adiguzel, Harissi-Dagher, Cohen), and the Department of Ophthalmology (Singh, Harissi-Dagher), University of Montreal, Montreal, and the Department of Ophthalmology (Cohen), University of Sherbrooke, Sherbrooke, Quebec, and the Department of Ophthalmology (Gupta), McMaster University, Hamilton, Ontario, Canada.; Department of Ophthalmology, Faculty of Medicine, McGill University; LASIK MD, Montreal.; Montreal, Quebec, Canada."
32,Seo KY (Yonsei),33,1,2,711,18,33,19,2016,2025,9,12,"The Institute of Vision Research, Department of Ophthalmology, Yonsei University College of Medicine, 50 Yonseiro, Seodaemungu, Seoul, 03722, South Korea.; *Department of Ophthalmology, International St. Mary's Hospital, Catholic Kwandong University College of Medicine, Incheon, South Korea; †Department of Ophthalmology, The Institute of Vision Research, Yonsei University College of Medicine, Seoul, South Korea; ‡Eyereum Eye Clinic, Seoul, South Korea; and §Department of Ophthalmology, Corneal Dystrophy Research Institute, Yonsei University College of Medicine, Seoul, South Korea."
33,Wilson SE,33,9,20,1686,26,33,29,2016,2025,9,10,"Cole Eye Institute, Cleveland Clinic, Cleveland, Ohio.; Cole Eye Institute, The Cleveland Clinic, Cleveland, OH, USA."
34,Kim EK (Yonsei),32,0,5,621,17.5,32,18,2016,2023,8,10,"Department of Ophthalmology, Corneal Dystrophy Research Institute, Institute of Vision Research, Yonsei University College of Medicine Nune Eye Hospital Research Institute of Bacterial Resistance, Department of Laboratory Medicine, Yonsei University College of Medicine Severance Biomedical Science Institute, Yonsei University College of Medicine, Seoul, Korea.; The Institute of Vision Research, Department of Ophthalmology, Yonsei University College of Medicine, 50 Yonseiro, Seodaemungu, Seoul, 03722, South Korea.; Corneal Dystrophy Research Institute, Severance Biomedical Science Institute, Yonsei University College of Medicine, Seoul, South Korea."
35,Ambrósio R,32,3,18,1045,10.0,32,23,2016,2025,10,22,"From the Department of Ophthalmology (Lee), International St. Mary's Hospital, Catholic Kwandong University College of Medicine, Incheon, the Eyereum Eye Clinic (Kang), Seoul, and the Institute of Vision Research (Lee, Kim), Department of Ophthalmology, Yonsei University College of Medicine, Seoul, South Korea; the Department of Ophthalmology & Visual Science and Department of Biomedical Engineering (Roberts), Ohio State University, Columbus, Ohio, USA; Rio de Janeiro Corneal Tomography and Biomechanics Study Group (Ambrósio), Rio de Janeiro, Brazil; the School of Engineering (Elsheikh), University of Liverpool, Liverpool, United Kingdom.; Instituto de Olhos Renato Ambrósio, Rio de Janeiro, Brazil.; VisareRIO, Rio de Janeiro, Brazil."
36,Priglinger SG,31,0,4,718,18,31,19,2016,2025,10,16,"1 University Eye Hospital, Ludwig-Maximilians-University, Munich - Germany.; 2 SMILE Eyes Clinic, Linz - Austria.; Department of Ophthalmology, University Hospital, Ludwig-Maximilians University, Munich, Germany. Electronic address: s.priglinger@med.uni-muenchen.de."
37,Khamar P,31,8,3,512,10,31,16,2017,2025,8,11,"Cornea and Refractive Surgery Division, Narayana Nethralaya, Bommansandra, Bangalore, India.; Department of Cornea and Refractive Surgery, Narayana Nethralaya, 121/C Chord Road, 1st R Block, Rajajinagar, Bangalore, 560010, India.; Cornea and Refractive Services, Narayana Nethralaya, Bangalore 560010, India."
38,Kohnen T,31,7,15,511,9,31,16,2016,2025,10,11,"Klinik für Augenheilkunde, Goethe-Universität, Frankfurt am Main.; Klinik für Augenheilkunde, Goethe-Universität Frankfurt, Theodor-Stern-Kai 7, 60590, Frankfurt am Main, Deutschland. kohnen@em.uni-frankfurt.de.; Department of Ophthalmology, Goethe-University Frankfurt am Main, Frankfurt am Main, Germany. Electronic address: kohnen@em.uni-frankfurt.de."
39,Kang DSY (Catholic Kwandong),30,2,3,900,22.5,30,21,2016,2025,8,8,"From the Department of Ophthalmology (Lee), International St. Mary's Hospital, Catholic Kwandong University College of Medicine, Incheon, the Eyereum Eye Clinic (Kang), Seoul, and the Institute of Vision Research (Lee, Kim), Department of Ophthalmology, Yonsei University College of Medicine, Seoul, South Korea; the Department of Ophthalmology & Visual Science and Department of Biomedical Engineering (Roberts), Ohio State University, Columbus, Ohio, USA; Rio de Janeiro Corneal Tomography and Biomechanics Study Group (Ambrósio), Rio de Janeiro, Brazil; the School of Engineering (Elsheikh), University of Liverpool, Liverpool, United Kingdom. Electronic address: kangeye@eyereum.com.; Eyereum Eye Clinic, Seoul, South Korea."
40,Brar S,30,8,2,699,16.0,30,19,2016,2025,9,7,"Phacorefractive Department, Nethradhama Superspeciality Eye Hospital, Bengaluru, Karnataka, India."
41,Piñero DP,29,2,18,645,14,29,18,2016,2024,9,13,"From the Instituto Clínico-Quirúrgico Oftalmológico (Durán, Gutiérrez, Atienza), Bilbao, the Basque Country University (Durán), Leioa, Vizcaya, and the Department of Optics (Piñero), Pharmacology and Anatomy, University of Alicante, Alicante, Spain. Electronic address: david.pinyero@ua.es.; Department of Ophthalmology, Torrecárdenas Hospital Complex, Almería 04009, Spain.; Department of Optics, Pharmacology and Anatomy, University of Alicante, San Vicente del Raspeig, Alicante 03690, Spain."
42,Garcia-Gonzalez M,29,12,4,171,3,29,9,2016,2024,9,14,"*Clínica Novovisión, Madrid, Spain †Clínica Rementería, Madrid, Spain ‡Hospital Universitario ""Príncipe de Asturias,"" University of Alcalá, Alcalá de Henares, Madrid, Spain."
43,Manche EE,29,1,28,360,7,29,13,2016,2025,10,8,"From Byers Eye Institute, Stanford University School of Medicine, Palo Alto, California, USA. Electronic address: edward.manche@stanford.edu.; Byers eye Institute, stanford University school of Medicine, Palo alto, CA, USA."
44,Hashemi H,28,16,2,408,11.5,28,14,2016,2025,10,15,"Noor Research Center for Ophthalmic Epidemiology, Noor Eye Hospital, Tehran, Iran.; Ophthalmology Department, Farabi Eye Hospital, School of Medicine, Tehran University of Medical Sciences, Tehran, Iran.; Eye Research Center, Farabi Eye Hospital, School of Medicine, Tehran University of Medical Sciences, Tehran, Iran."
45,Elsheikh A,28,0,14,805,21.5,28,20,2016,2025,10,12,"From the Department of Ophthalmology (Lee), International St. Mary's Hospital, Catholic Kwandong University College of Medicine, Incheon, the Eyereum Eye Clinic (Kang), Seoul, and the Institute of Vision Research (Lee, Kim), Department of Ophthalmology, Yonsei University College of Medicine, Seoul, South Korea; the Department of Ophthalmology & Visual Science and Department of Biomedical Engineering (Roberts), Ohio State University, Columbus, Ohio, USA; Rio de Janeiro Corneal Tomography and Biomechanics Study Group (Ambrósio), Rio de Janeiro, Brazil; the School of Engineering (Elsheikh), University of Liverpool, Liverpool, United Kingdom.; School of Engineering, University of Liverpool - Liverpool, United Kingdom.; NIHR Biomedical Research Centre for Ophthalmology, Moorfields Eye Hospital NHS Foundation Trust and UCL Institute of Ophthalmology, UK."
46,Luft N,28,9,10,648,15.0,28,18,2016,2025,10,15,"1 University Eye Hospital, Ludwig-Maximilians-University, Munich - Germany.; 2 SMILE Eyes Clinic, Linz - Austria.; Department of Ophthalmology, University Hospital, Ludwig-Maximilians University, Munich, Germany."
47,Zhao Y (Fudan),28,7,4,437,16.5,28,15,2016,2025,10,16,"Key Laboratory of Myopia, Ministry of Health, Department of Ophthalmology, Eye and ENT Hospital, Fudan University, Shanghai, China.; Department of Ophthalmology, Eye and ENT Hospital, Fudan University, Key Laboratory of Health Ministry for Myopia, Shanghai 200031, China."
48,Fu D,28,9,0,451,11.0,28,15,2016,2025,9,17,"a Department of Ophthalmology, Eye and ENT Hospital , Fudan University , Shanghai , PR China.; Eye Institute and Department of Ophthalmology, Eye & ENT Hospital, Fudan University, Shanghai, China.; Key Laboratory of Myopia, Chinese Academy of Medical Sciences, NHC Key Laboratory of Myopia (Fudan University), Shanghai, China."
49,Wang Q (Wenzhou),27,0,4,647,12,27,18,2016,2025,9,18,"From the Beijing Tongren Eye Center (Song, Sun, N. Wang, Zhang), Beijing Tongren Hospital, Capital Medical University and Beijing Ophthalmology & Visual Sciences Key Laboratory, the Peking University Third Hospital (Y. Chen), Beijing, Key Laboratory of Myopia, Ministry of Health, Department of Ophthalmology (Zhou, Zhao), the Eye and ENT Hospital of Fudan University, Shanghai, the Eye Hospital of Wenzhou Medical University (Q. Wang, S. Chen), Wenzhou, the West China Hospital of Sichuan University (Deng, Qiu), Chengdu, China; the Stein Eye Institute (Aldave), University of California Los Angeles Medical Center, Los Angeles, California, USA.; School of Ophthalmology and Optometry and Eye Hospital, Wenzhou Medical University, Wenzhou, Zhejiang, China.; The Affiliated Eye Hospital of Wenzhou Medical University, Wenzhou, 325027, China."
50,Wang L (Cullen),27,6,1,787,11,27,20,2016,2025,9,17,"Cullen Eye Institute, Baylor College of Medicine, Houston, Texas.; Cullen Eye Institute, Department of Ophthalmology, Baylor College of Medicine, Houston, Texas.; From the Cullen Eye Institute (Hamill, Wang, Chopra, Hill, Koch), Baylor College of Medicine, Houston, Texas, and East Valley Ophthalmology (Hill), Mesa, Arizona, USA; Shanxi Eye Hospital (Wang), Taiyuan, Shanxi Province, China."
51,Chen S (Wenzhou),26,1,7,382,10.5,26,14,2016,2025,10,13,"From the Beijing Tongren Eye Center (Song, Sun, N. Wang, Zhang), Beijing Tongren Hospital, Capital Medical University and Beijing Ophthalmology & Visual Sciences Key Laboratory, the Peking University Third Hospital (Y. Chen), Beijing, Key Laboratory of Myopia, Ministry of Health, Department of Ophthalmology (Zhou, Zhao), the Eye and ENT Hospital of Fudan University, Shanghai, the Eye Hospital of Wenzhou Medical University (Q. Wang, S. Chen), Wenzhou, the West China Hospital of Sichuan University (Deng, Qiu), Chengdu, China; the Stein Eye Institute (Aldave), University of California Los Angeles Medical Center, Los Angeles, California, USA.; National Clinical Research Center for Ocular Diseases, Eye Hospital, Wenzhou Medical University, Wenzhou 325027, China.; State Key Laboratory of Ophthalmology, Optometry and Visual Science, Eye Hospital, Wenzhou Medical University, Wenzhou 325027, China."
52,Liu Y (Taiwan),26,8,6,885,31.5,26,21,2016,2025,10,15,"Tissue Engineering and Stem Cell Group, Singapore Eye Research Institute, Singapore.; Singapore National Eye Centre, Singapore."
53,Nuijts RMMA,26,12,1,376,5.0,26,14,2016,2024,9,9,"Department of Ophthalmology, University Hospital Maastricht, The Netherlands.; Maastricht University Medical Centre, Maastricht, The Netherlands.; Cornea Clinic, Department of Ophthalmology, Maastricht University Medical Centre, Maastricht, The Netherlands."
54,Carp GI,26,1,6,648,27,25,18,2016,2023,8,3,"From the London Vision Clinic (Reinstein, Carp, Archer, Vida), London, and Biomedical Science Research Institute (Reinstein, Archer), University of Ulster, Coleraine, United Kingdom; Department of Ophthalmology (Reinstein), Columbia University Medical Center, New York, New York, USA; Centre Hospitalier National d'Ophtalmologie (Reinstein), Paris, France; Northern Ireland."
55,Liu Q (Sen),26,1,18,430,11.5,26,15,2016,2025,8,12,"State Key Laboratory of Ophthalmology, Zhongshan Ophthalmic Center, Sun Yat-sen University, 54S. Xianlie Road, Guangzhou, 510060, People's Republic of China. drliuquan@163.com.; Refractive Surgery Center, State Key Laboratory of Ophthalmology, Zhongshan Ophthalmic Center, Sun Yat-sen University, Guangzhou, China."
56,Seitz B,26,5,12,274,5.5,26,12,2016,2025,10,9,"Department of Ophthalmology, Saarland University Medical Center UKS, Homburg/Saar, Germany.; Klinik für Augenheilkunde, Universitätsklinikum des Saarlandes, Homburg/Saar.; Klinik für Augenheilkunde, Universitätsklinikum des Saarlandes, UKS, Kirrberger Straße 100, Gebäude 22, 66424, Homburg/Saar, Deutschland."
57,Shen Y,26,2,0,385,15.0,26,14,2016,2023,7,11,"Key Laboratory of Myopia, Ministry of Health, Department of Ophthalmology, Eye and ENT Hospital, Fudan University, Shanghai, China.; Key Lab of Myopia, Ministry of Health, P.R. China, 19 Baoqing Road, Shanghai, 200031, China.; Department of Ophthalmology, EYE & ENT Hospital of Fudan University, Shanghai, China, 83 Fenyang Road, Shanghai, 200031, China."
58,Mayer WJ,25,0,6,519,14,25,16,2017,2024,8,13,"1 University Eye Hospital, Ludwig-Maximilians-University, Munich - Germany.; From the Department of Ophthalmology (Luft, Mursch-Edlmayr, Bolz) and the Ars Ophthalmica Study Center (Luft, Ring, Mursch-Edlmayr, Bolz), Kepler University Hospital, Linz, Austria; University Eye Hospital (Luft, Priglinger, Mayer, Kreutzer, Dirisamer), Ludwig-Maximilians-University, Munich, Germany."
59,Dirisamer M,25,0,9,648,18,25,18,2016,2024,9,14,"1 University Eye Hospital, Ludwig-Maximilians-University, Munich - Germany.; 2 SMILE Eyes Clinic, Linz - Austria.; Department of Ophthalmology, University Hospital, Ludwig-Maximilians University, Munich, Germany."
60,Schallhorn JM,25,7,10,797,26,25,20,2016,2024,9,6,"From the Department of Ophthalmology and the F.I. Proctor Foundation (Schallhorn), University of California, San Francisco, California; the Department of Ophthalmology (Ciralsky), Weill Cornell Medical College, New York, New York; and Virginia Eye Consultants (Yeu), Norfolk, Virginia, USA. Electronic address: julie.schallhorn@ucsf.edu."
61,Sinha Roy A,25,2,17,423,10,25,15,2016,2025,8,10,"Imaging, Biomechanics and Mathematical Modeling Solutions (IBMS) Lab, Narayana Nethralaya Foundation, Bangalore, India.; Imaging, Biomechanics and Mathematical Modeling Solutions, Narayana Nethralaya Foundation, Bangalore, India."
62,Kanellopoulos AJ,25,20,4,626,17,25,18,2016,2024,9,7,"Laservision Clinical and Research Institute, Athens, Greece; New York University Medical School, New York, New York. Electronic address: ajkmd@mac.com.; LaserVision Clinical and Research Institute, Athens, Greece; Department of Ophthalmology, NYU Medical School, New York, NY, USA.; Laservision.gr Clinical and Research Eye Institute, 17 Tsocha Street, Athens, Postal Code: 11521 Greece ; NYU Medical School, New York, NY USA."
63,Vinciguerra R,24,4,3,717,12.0,24,19,2016,2025,9,11,"Department of Surgical Sciences, Division of Ophthalmology, University of Insubria, Varese, Italy.; *Rio de Janeiro Corneal Tomography and Biomechanics Study Group, Rio de Janeiro, Brazil †Department of Ophthalmology, Federal University of São Paulo, São Paulo, Brazil ‡Life and Health Sciences Research Institute (ICVS), School of Health Sciences, University of Minho, Braga, Portugal §ICVS/3B's-PT Government Associate Laboratory, Braga/Guimarães, Portugal ¶Ophthalmology Department, Hospital de Braga, Braga, Portugal ‖Eye Center, Humanitas Clinical and Research Center, Milan, Italy **Vincieye Clinic, Milan, Italy ††School of Engineering, University of Liverpool, Liverpool, United Kingdom Departments of ‡‡Ophthalmology §§Biomedical Engineering, The Ohio State University, Columbus, OH."
64,Zhang J (Tianjin),24,4,6,671,20.0,24,18,2016,2025,9,12,"Tianjin Eye Hospital and Eye Institute, Tianjin Key Lab of Ophthalmology and Visual Science, Clinical College of Ophthalmology, Tianjin Medical University, No 4. Gansu Road, He-ping District, Tianjin, 300020, China.; From the Clinical College of Ophthalmology (Wang, Ma, H. Zhang, Li, Zhao, Wei), Tianjin Medical University, and the Tianjin Eye Hospital (Wang, J. Zhang, Dou), Tianjin Eye Institute, Tianjin Key Laboratory of Ophthalmology and Visual Science, Tianjin, China.; *Department of Ophthalmology and Visual Sciences, The Chinese University of Hong Kong, Hong Kong, China; †Department of Ophthalmology, The University of Hong Kong, Hong Kong, China; ‡Hong Kong Laser Eye Center, Hong Kong, China; §Tianjin Eye Hospital and Eye Institute, Tianjin, China; and ¶University of Pittsburgh Medical Center, University of Pittsburgh, Pittsburgh, PA."
65,Bao F,24,5,1,558,11.5,24,17,2017,2025,9,10,"The Affiliated Eye Hospital of Wenzhou Medical University, Wenzhou, 325027, China. bfjmd@126.com.; The institution of ocular biomechanics, Wenzhou Medical University, Wenzhou, Zhejiang Province, 325027, China. bfjmd@126.com.; School of Optometry and Ophthalmology and Eye Hospital, Wenzhou Medical University, Wenzhou, Zhejiang, China; Key Laboratory of Vision Science, Ministry of Health P.R. China, Wenzhou, Zhejiang, China."
66,Wang X (Fudan),24,1,1,455,10.5,24,15,2016,2025,9,13,"The Key Laboratory of Myopia, Ministry of Health, Department of Ophthalmology, Eye and ENT Hospital of Fudan University, Shanghai, China.; From the Eye and ENT Hospital of Fudan University, Myopia Key Laboratory of the Health Ministry, Shanghai, China.; Myopia Key Laboratory of the Health Ministry, Shanghai 200031, China; Department of Ophthalmology, EYE and ENT Hospital of Fudan University, Shanghai 200031, China."
67,Taneri S,24,15,6,272,6.5,24,12,2016,2025,10,10,"Zentrum für Refraktive Chirurgie, Augenklinik am St. Franziskus Hospital, Münster.; Augenklinik, Universität Bochum."
68,Gatinel D,23,3,18,543,13,23,16,2016,2025,8,9,"From the Rothschild Foundation (Saad, Gatinel) and the Center of Expertise and Research in Optics for Clinicians (Saad, Gatinel), Paris, France; American University of Beirut (Saad), Beirut, Lebanon; Gavin Herbert Eye Institute (Binder), Department of Ophthalmology, University of California Irvine, Irvine, California, USA.; Fondation ophtalmologique Adolphe de Rothschild, 29, rue Manin, 75019 Paris, France. Electronic address: gatinel@gmail.com."
69,Ng ALK,22,6,2,371,15.0,22,14,2016,2025,6,13,"From the Tianjin Eye Hospital (Wei, Wang), Tianjin Key Laboratory of Ophthalmology and Visual Science, Clinical College of Ophthalmology, Tianjin Medical University, Tianjin, the Department of Ophthalmology and Visual Sciences (Chan, Jhanji), the Chinese University of Hong Kong, the Department of Ophthalmology (Ng), the University of Hong Kong, and the Hong Kong Laser Eye Center (Cheng), Hong Kong, China; UPMC Eye Center (Jhanji), University of Pittsburgh School of Medicine, Pittsburgh, Pennsylvania, USA.; Department of Ophthalmology, The University of Hong Kong, Cyberport, Hong Kong."
70,Demirok A,22,0,21,337,13.0,22,13,2016,2022,7,13,"Beyoglu Eye Research and Training Hospital, Açelya sokak Darüşşafaka mah Yonca sitesi B4 blok kat 4 daire 18, Istanbul, Turkey.; Beyoglu Eye Training and Research Hospital, Istanbul, Turkey.; Beyoglu Eye Training and Research Hospital, Bereketzade Mah. Bereketzade Cami Sok. No: 2, 34420, Beyoglu, Istanbul, Turkey."
71,Savini G,22,12,3,611,15.0,22,17,2016,2025,9,10,"G.B. Bietti Eye Foundation-IRCCS, Rome, Italy.; Rome, Italy."
72,Dick HB,22,1,15,202,6.0,22,10,2016,2025,10,10,"Augenklinik, Universität Bochum.; Augenklinik, Ruhr-Universität Bochum Medizinische Fakultät."
73,Liu S (Fudan),22,13,1,204,7.0,22,10,2019,2025,7,11,"Department of Ophthalmology, Eye and ENT Hospital of Fudan University, Shanghai, China.; Eye Institute and Department of Ophthalmology, Eye and ENT Hospital, Fudan University, Shanghai, China.; NHC, Key laboratory of Myopia and Related Eye Diseases; Key laboratory of Myopia and Related Eye Diseases, Chinese Academy of Medical Sciences, Shanghai, China."
74,Cohen M,21,0,17,315,6,21,13,2016,2025,9,6,"From the Department of Ophthalmology (Wallerstein, Gauvin), McGill University, LASIK MD (Wallerstein, Gauvin, Adiguzel, Harissi-Dagher, Cohen), and the Department of Ophthalmology (Singh, Harissi-Dagher), University of Montreal, Montreal, and the Department of Ophthalmology (Cohen), University of Sherbrooke, Sherbrooke, Quebec, and the Department of Ophthalmology (Gupta), McMaster University, Hamilton, Ontario, Canada.; LASIK MD, Montreal; Department of Surgery, Faculty of Medicine and Health Sciences, University of Sherbrooke, Sherbrooke, QC, Canada.; LASIK MD, Montreal, QC H3B 4W8, Canada."
75,Frings A,21,7,8,168,6,21,9,2016,2025,9,11,"From the Department of Ophthalmology (Frings), Heinrich-Heine-University Düsseldorf, Düsseldorf, the Department of Ophthalmology (Intert, Steinberg, Druchkiv, Linke, Katz), University Medical Centre Hamburg-Eppendorf, zentrumsehstärke (Steinberg, Linke) Hamburg, and Care Vision (Steinberg, Druchkiv, Linke, Katz), Hamburg, Germany. Electronic address: andi.frings@gmail.com.; Department of Ophthalmology, Heinrich-Heine-University Düsseldorf, Düsseldorf, Germany.; Department of Ophthalmology, University Medical Centre Hamburg-Eppendorf, Hamburg, Germany."
76,Alió Del Barrio JL,21,7,7,960,13,21,21,2017,2025,8,12,"Cornea, Cataract and Refractive Surgery Unit, Vissum Corporación, Alicante, Spain.; Division of Ophthalmology, School of Medicine, Universidad Miguel Hernández, Alicante, Spain.; 1 Cornea, Cataract and Refractive Surgery Unit, Vissum Corporación, Alicante - Spain."
77,Kymionis GD,21,4,15,395,11,21,14,2016,2023,8,10,"From the Vardinoyiannion Eye Institute of Crete (Grentzelos, Kounis, Diakonis, Siganos, Tsilimbaris, Pallikaris, Kymionis), Faculty of Medicine, University of Crete, Heraklion, Crete, and the Department of Ophthalmology (Kymionis), Faculty of Medicine, University of Athens, Athens, Greece; the Jules-Gonin Eye Hospital (Kymionis), University of Lausanne, Lausanne, Switzerland.; Jules Gonin Eye Hospital, Faculty of Biology and Medicine, University of Lausanne, Lausanne, Switzerland."
78,Vinciguerra P,21,3,5,627,8,21,18,2016,2025,9,11,"Department of Surgical Sciences, Division of Ophthalmology, University of Insubria, Varese, Italy.; Eye Center, Humanitas Clinical and Research Center, Via Manzoni 56, Rozzano (MI) - Italy."
79,Sorkin N,21,7,3,186,7,21,10,2017,2025,7,12,"*Department of Ophthalmology and Vision Sciences, University of Toronto, Toronto, ON, Canada; and †Princess Margaret Cancer Centre, University Health Network (UHN), Toronto, ON, Canada.; Department of Ophthalmology, Tel Aviv Sourasky Medical Center, Affiliated to the Sackler School of Medicine, Tel Aviv University, Tel Aviv, Israel.; Care Laser Inc., Tel Aviv, Israel."
80,Motwani M,21,20,0,234,5,21,11,2017,2025,8,2,"Motwani LASIK Institute, San Diego.; Motwani LASIK Institute, San Diego, CA, USA."
81,Vida RS,21,0,7,454,22.5,20,15,2018,2023,6,5,"London Vision Clinic, London, United Kingdom."
82,Yu K,20,0,16,368,11.0,20,14,2016,2025,9,11,"State Key Laboratory of Ophthalmology, Zhongshan Ophthalmic Center, Sun Yat-sen University, Guangzhou 510060, Guangdong Province, China.; a State Key Laboratory of Ophthalmology, Zhongshan Ophthalmic Center , Sun Yat-sen University , Guangzhou , People's Republic of China.; From State Key Laboratory of Ophthalmology, Zhongshan Ophthalmic Center, Sun Yat-sen University, Guangzhou, China and."
83,Titiyal JS,20,6,10,475,9.5,20,15,2017,2025,9,9,"From Dr. Rajendra Prasad Centre for Ophthalmic Sciences, All India Institute of Medical Sciences, New Delhi, India.; Dr. Rajendra Prasad Centre for Ophthalmic Sciences, All India Institute of Medical Sciences, New Delhi, India."
84,Schallhorn SC,20,6,5,591,16.0,20,17,2016,2024,7,6,"From the University of California San Francisco (J.M. Schallhorn), San Francisco, the Roski Eye Institute (S.C. Schallhorn), University of Southern California Los Angeles, Los Angeles, California, USA; Optical Express (S.C. Schallhorn, Hettinger, Hannan), Glasgow, United Kingdom."
85,Hafezi F,20,3,3,459,18.5,20,15,2017,2024,8,9,"Department of Ophthalmology, Keck School of Medicine, University of Southern California, Los Angeles, USA.; EyeCare Laboratory Research Zurich Associates (ELZA), Zurich, Switzerland.; Laboratory of Ocular Cell Biology, Center for Applied Biotechnology and Molecular Medicine, University of Zurich, Zurich, Switzerland 3ELZA Institute, Dietikon/Zurich, Switzerland 4University of Southern California-Los Angeles, Los Angeles, California, United States."
86,Lopes BT,20,3,0,847,23.5,20,20,2016,2025,9,15,"Instituto de Olhos Renato Ambrósio, Rio de Janeiro, Brazil.; VisareRIO, Rio de Janeiro, Brazil.; aRio de Janeiro Corneal Tomography and Biomechanics Study Group, Rio de Janeiro bDepartment of Ophthalmology, Federal University of São Paulo, São Paulo cDepartment of Ophthalmology, Pontific Catholic University of Rio de Janeiro, Rio de Janeiro, Brazil dDepartment of Ophthalmology, University of Florida, Gainesville, Florida, USA eDepartment of Ophthalmology, Hospital de Braga, Braga, Portugal."
87,Gros-Otero J,20,5,1,143,5.0,20,8,2016,2023,8,12,"*Clínica Novovisión, Madrid, Spain †Clínica Rementería, Madrid, Spain ‡Hospital Universitario ""Príncipe de Asturias,"" University of Alcalá, Alcalá de Henares, Madrid, Spain.; Clínica Rementería, C/Almagro 36, 28010 Madrid, Spain; Hospital Universitario ""Príncipe de Asturias,"" University of Alcalá, Carretera de meco s/n, Alcalá de Henares, Madrid, Spain. Electronic address: juangros@gmail.com.; Clínica Rementería, Madrid, Spain."
88,Rosa N,20,2,18,214,5.0,20,10,2017,2024,8,14,"Salerno, Italy.; Department of Medicine and Surgery University of Salerno, Baronissi, Salerno Italy.; Ophthalmological Unit, Department of Medicine, Surgery and Dentistry, Scuola Medica Salernitana, University of Salerno, 84081 Salerno, Italy."
89,Zhai C,20,0,8,152,5.5,20,9,2016,2025,7,10,"Ophthalmic Center, Beijing Tongren Hospital, Capital Medical University, Beijing Ophthalmology & Visual Sciences Key Lab, Beijing 100730, China.; Department of Ophthalmology, Beijing Tongren Hospital, Capital Medical University, Beijing 100730, China.; Beijing Tongren Eye Center, Beijing Tongren Hospital, Capital Medical University; Beijing Ophthalmology & Visual Sciences Key Laboratory, Beijing, 100730, China. 17091006117@163.com."
90,Yuan Y,20,4,0,114,4.0,20,8,2022,2025,4,9,"Department of Ophthalmology, Peking University Third Hospital, No 49 Huayuan North Road, Haidian District, Beijing, 100191, China.; Peking University Institute of Laser Medicine, Beijing, China.; Beijing key laboratory of restoration of damaged ocular nerve, Peking University Institute of Laser Medicine, Beijing, China."
91,Roberts CJ,19,0,4,889,37,19,19,2016,2025,10,10,"From the Department of Ophthalmology (Lee), International St. Mary's Hospital, Catholic Kwandong University College of Medicine, Incheon, the Eyereum Eye Clinic (Kang), Seoul, and the Institute of Vision Research (Lee, Kim), Department of Ophthalmology, Yonsei University College of Medicine, Seoul, South Korea; the Department of Ophthalmology & Visual Science and Department of Biomedical Engineering (Roberts), Ohio State University, Columbus, Ohio, USA; Rio de Janeiro Corneal Tomography and Biomechanics Study Group (Ambrósio), Rio de Janeiro, Brazil; the School of Engineering (Elsheikh), University of Liverpool, Liverpool, United Kingdom.; Department of Ophthalmology & Visual Science, Department of Biomedical Engineering, The Ohio State University - Columbus, OH, USA.; From the Department of Ophthalmology (Lee), International St. Mary's Hospital, Catholic Kwandong University College of Medicine, Incheon, the Institute of Vision Research (Lee, Kim), Department of Ophthalmology, Yonsei University College of Medicine, and Eyereum Eye Clinic (Kang), Seoul, South Korea; the Department of Ophthalmology & Visual Science and Department of Biomedical Engineering (Roberts), Ohio State University, Columbus, Ohio, USA; the Rio de Janeiro Corneal Tomography and Biomechanics Study Group (Ambrósio), Rio de Janeiro, Brazil; the School of Engineering (Elsheikh), University of Liverpool, Liverpool, United Kingdom."
92,Zhou Y (Capital),19,0,5,159,5,19,9,2016,2025,8,10,"Beijing Tongren Eye Center, Beijing Key Laboratory of Ophthalmology and Visual Science, Beijing Tongren Hospital, Capital Medical University, Beijing 100730, China.; Ophthalmic Center, Beijing Tongren Hospital, Capital Medical University, Beijing Ophthalmology and Visual Sciences Key Lab, Beijing 100730, China.; Beijing Tongren Eye Center, Beijing Ophthalmology and Visual Sciences Key Laboratory, Beijing Tongren Hospital, Capital Medical University, Beijing 100730, China."
93,Langenbucher A,19,2,0,252,9,19,11,2016,2025,8,12,"Institute of Experimental Ophthalmology, University of Saarland, Homburg/Saar, Germany.; Exprimentelle Ophthalmologie, Universität des Saarlandes Homburg/Saar.; Experimentelle Ophthalmologie, Medizinische Fakultät der Universität des Saarlandes, Homburg/Saar."
94,Chang C,19,1,16,104,5,19,7,2017,2025,5,12,"Nobel Eye Institute, Taipei 101, Taiwan, China.; Department of Ophthalmology, Nobel Eye Institute, Taipei, TWN.; Nobel Eye Institute, Taipei 100008, Taiwan."
95,Hjortdal JØ,19,0,11,442,10,19,15,2016,2025,9,8,"Department of Ophthalmology, Aarhus University Hospital, Aarhus, Denmark."
96,Ortega-Usobiaga J,19,7,1,144,5,19,8,2016,2025,10,11,"Departamento de Catarata y Cirugía Refractiva, Clínica Baviera, Bilbao, España. Electronic address: jortega@clinicabaviera.com.; Clínica Baviera, Bilbao, España. Electronic address: jortega@clinicabaviera.com.; Department of Research and Development, Clinica Baviera, Bilbao, Spain."
97,De Bernardo M,19,11,1,201,4,19,10,2017,2024,8,13,"Salerno, Italy.; Department of Medicine and Surgery University of Salerno, Baronissi, Salerno Italy.; Ophthalmological Unit, Department of Medicine, Surgery and Dentistry, Scuola Medica Salernitana, University of Salerno, 84081 Salerno, Italy."
98,Jun I,19,8,1,362,15,19,13,2017,2025,8,7,"From the Institute of Vision Research (Jun, E.K. Kim, Seo, T-i. Kim), the Corneal Dystrophy Research Institute (Jun, E.K. Kim, T-i. Kim), Department of Ophthalmology, the Department of Pharmacology (Jun, Heo, J.Y. Kim, Lee), Brain Korea 21 PLUS Project for Medical Sciences, Severance Biomedical Science Institute, Yonsei University College of Medicine, and the Eyereum Eye Clinic (Kang, Choi), Seoul, South Korea; the Jerry Tan Eye Surgery (Tan), Singapore.; Institute of Vision Research, Department of Ophthalmology, Yonsei University College of Medicine, Seoul, Korea.; Corneal Dystrophy Research Institute, Yonsei University College of Medicine, Seoul, Korea."
99,Wang Z (Sen),19,0,9,265,9,19,12,2016,2025,8,9,"Zhongshan Ophthalmic Center, Sun Yat-sen University, Guangzhou, China.; Zhongshan Ophthalmic Center, Sun Yat-sen University, Guangzhou, China Hong.; Department of Refractive Surgery, Aier Eye Hospital, Jinan University, Guangzhou, Guangdong, China."
100,Shang J,19,2,0,430,19,19,15,2018,2024,6,10,"Eye Institute and Department of Ophthalmology, Eye & ENT Hospital, Fudan University, Shanghai, China.; NHC Key Laboratory of Myopia and Related Eye Diseases, Key Laboratory of Myopia and Related Eye Diseases, Chinese Academy of Medical Sciences, Shanghai, China."
